4/14/2003,62.45394516
4/15/2003,63.03670883
4/16/2003,61.96245956
4/17/2003,62.8822403
4/21/2003,62.94543457
4/22/2003,64.13201904
4/23/2003,64.72180939
4/24/2003,64.14606476
4/25/2003,63.35266876
4/28/2003,64.44798279
4/29/2003,64.44798279
4/30/2003,64.53223419
5/1/2003,64.52521515
5/2/2003,65.44499207
5/5/2003,65.31861115
5/6/2003,65.93648529
5/7/2003,65.57137299
5/8/2003,64.91137695
5/9/2003,65.81010437
5/12/2003,66.61753845
5/13/2003,66.49817657
5/14/2003,66.35775757
5/15/2003,66.77902985
5/16/2003,66.61051941
5/19/2003,65.05180359
5/20/2003,64.91840363
5/21/2003,65.05180359
5/22/2003,65.69776154
5/23/2003,65.8311615
5/27/2003,66.98265076
5/28/2003,67.17221832
5/29/2003,66.99668884
5/30/2003,68.07093811
6/2/2003,68.35179138
6/3/2003,68.63263702
6/4/2003,69.62263489
6/5/2003,69.9666748
6/6/2003,69.69284821
6/9/2003,68.98370361
6/10/2003,69.68582153
6/11/2003,70.42305756
6/12/2003,70.64071655
6/13/2003,69.90348053
6/16/2003,71.37794495
6/17/2003,71.37794495
6/18/2003,71.31475067
6/19/2003,70.22645569
6/20/2003,70.0716095
6/23/2003,69.35285187
6/24/2003,69.42331696
6/25/2003,68.72570038
6/26/2003,69.62062836
6/27/2003,68.81731415
6/30/2003,68.79616547
7/1/2003,69.43036652
7/2/2003,70.30414581
7/3/2003,69.57834625
7/7/2003,70.95948029
7/8/2003,71.27658081
7/9/2003,70.87492371
7/10/2003,69.97296143
7/11/2003,70.63533783
7/14/2003,70.98062897
7/15/2003,70.82559967
7/16/2003,70.40984344
7/17/2003,69.40922546
7/18/2003,70.12094116
7/21/2003,69.2542038
7/22/2003,69.88134766
7/23/2003,69.93067932
7/24/2003,69.4021759
7/25/2003,70.6282959
7/28/2003,70.36756897
7/29/2003,70.04342651
7/30/2003,69.87430573
7/31/2003,70.03637695
8/1/2003,69.41627502
8/4/2003,69.41627502
8/5/2003,67.94352722
8/6/2003,68.3381424
8/7/2003,69.0568924
8/8/2003,69.2542038
8/11/2003,69.51493073
8/12/2003,70.14912415
8/13/2003,69.78974152
8/14/2003,69.98000336
8/15/2003,70.19844818
8/18/2003,70.80445862
8/19/2003,71.07222748
8/20/2003,70.78331757
8/21/2003,71.00880432
8/22/2003,70.30414581
8/25/2003,70.41689301
8/26/2003,70.54373169
8/27/2003,70.56487274
8/28/2003,71.00176239
8/29/2003,71.48093414
9/2/2003,72.43927765
9/3/2003,72.83388519
9/4/2003,72.86911774
9/5/2003,72.4604187
9/8/2003,73.05937958
9/9/2003,72.58020782
9/10/2003,71.8473587
9/11/2003,72.0587616
9/12/2003,72.19264221
9/15/2003,71.93896484
9/16/2003,72.98891449
9/17/2003,72.84797668
9/18/2003,73.70766449
9/19/2003,73.33280182
9/22/2003,72.54055786
9/23/2003,72.81642914
9/24/2003,71.52194214
9/25/2003,70.93482971
9/26/2003,70.70139313
9/29/2003,71.39461517
9/30/2003,70.70139313
10/1/2003,72.20809174
10/2/2003,72.46981812
10/3/2003,73.13474274
10/6/2003,73.46720886
10/7/2003,73.75015259
10/8/2003,73.5662384
10/9/2003,73.76429749
10/10/2003,73.96943665
10/13/2003,74.2028656
10/14/2003,74.46459198
10/15/2003,74.26652527
10/16/2003,74.56362915
10/17/2003,73.75015259
10/20/2003,74.30190277
10/21/2003,74.17457581
10/22/2003,73.24084473
10/23/2003,73.10644531
10/24/2003,73.26914215
10/27/2003,73.30451202
10/28/2003,74.30190277
10/29/2003,74.40093231
10/30/2003,74.55654907
10/31/2003,74.48581696
11/3/2003,74.97389984
11/4/2003,74.811203
11/5/2003,74.86779022
11/6/2003,75.26392365
11/7/2003,74.70510101
11/10/2003,74.40093231
11/11/2003,74.37970734
11/12/2003,75.21440125
11/13/2003,75.23562622
11/14/2003,74.59899139
11/17/2003,74.22409058
11/18/2003,73.45305634
11/19/2003,74.07553864
11/20/2003,73.41061401
11/21/2003,73.71478271
11/24/2003,74.69094849
11/25/2003,74.97389984
11/26/2003,75.24269867
11/28/2003,75.29928589
12/1/2003,76.11276245
12/2/2003,75.92177582
12/3/2003,75.8015213
12/4/2003,76.11276245
12/5/2003,75.58222961
12/8/2003,76.09153748
12/9/2003,75.50442505
12/10/2003,75.4973526
12/11/2003,76.34619141
12/12/2003,76.49473572
12/15/2003,76.11276245
12/16/2003,76.50888824
12/17/2003,76.74938965
12/18/2003,77.61238098
12/19/2003,77.39603424
12/22/2003,77.93617249
12/23/2003,77.98592377
12/24/2003,77.90774536
12/26/2003,77.96459961
12/29/2003,79.00223541
12/30/2003,79.01644897
12/31/2003,79.08751678
1/2/2004,79.05197906
1/5/2004,79.91194153
1/6/2004,79.99011993
1/7/2004,80.26018524
1/8/2004,80.58000183
1/9/2004,79.87640381
1/12/2004,80.46628571
1/13/2004,79.9972229
1/14/2004,80.6652832
1/15/2004,80.8642807
1/16/2004,81.18410492
1/20/2004,81.16278076
1/21/2004,81.80241394
1/22/2004,81.58921051
1/23/2004,81.32624054
1/26/2004,82.34966278
1/27/2004,81.50392151
1/28/2004,80.57289886
1/29/2004,80.65107727
1/30/2004,80.65107727
2/2/2004,80.99932098
2/3/2004,80.8642807
2/4/2004,80.20332336
2/5/2004,80.43785858
2/6/2004,81.3404541
2/9/2004,81.36177826
2/10/2004,81.6247406
2/11/2004,82.49180603
2/12/2004,82.19330597
2/13/2004,81.8237381
2/17/2004,82.56287384
2/18/2004,82.20041656
2/19/2004,81.89481354
2/20/2004,81.64605713
2/23/2004,81.43995667
2/24/2004,81.29781342
2/25/2004,81.63895416
2/26/2004,81.68870544
2/27/2004,81.74555969
3/1/2004,82.55577087
3/2/2004,82.07248688
3/3/2004,82.22174072
3/4/2004,82.43494415
3/5/2004,82.71212006
3/8/2004,81.70291901
3/9/2004,81.37599182
3/10/2004,80.01143646
3/11/2004,78.97380829
3/12/2004,80.01143646
3/15/2004,79.03065491
3/16/2004,79.44997406
3/17/2004,80.33836365
3/18/2004,80.35968018
3/19/2004,79.20769501
3/22/2004,78.2020874
3/23/2004,78.06658173
3/24/2004,78.13077545
3/25/2004,79.16490936
3/26/2004,79.18630219
3/29/2004,80.29888916
3/30/2004,80.56990814
3/31/2004,80.66262054
4/1/2004,81.14759064
4/2/2004,81.76094055
4/5/2004,82.21025848
4/6/2004,81.94637299
4/7/2004,81.75380707
4/8/2004,81.56838226
4/12/2004,81.88932037
4/13/2004,80.74107361
4/14/2004,80.8694458
4/15/2004,80.56277466
4/16/2004,81.18325806
4/19/2004,81.18325806
4/20/2004,79.82104492
4/21/2004,80.35594177
4/22/2004,81.48279572
4/23/2004,81.56124878
4/26/2004,81.44713593
4/27/2004,81.51846313
4/28/2004,80.46292114
4/29/2004,79.75685883
4/30/2004,79.13637543
5/3/2004,79.98508453
5/4/2004,79.92089081
5/5/2004,80.43439484
5/6/2004,79.74259186
5/7/2004,78.42317963
5/10/2004,77.61727142
5/11/2004,78.27340698
5/12/2004,78.77264404
5/13/2004,78.44457245
5/14/2004,78.48023987
5/17/2004,77.80982971
5/18/2004,78.2020874
5/19/2004,77.93106842
5/20/2004,78.18069458
5/21/2004,78.31620026
5/24/2004,78.64427185
5/25/2004,79.77112579
5/26/2004,80.04927063
5/27/2004,80.49858856
5/28/2004,80.49145508
6/1/2004,80.38447571
6/2/2004,80.68401337
6/3/2004,79.94229126
6/4/2004,80.57704163
6/7/2004,81.80373383
6/8/2004,81.91784668
6/9/2004,81.15472412
6/10/2004,81.5541153
6/14/2004,80.74820709
6/15/2004,81.3187561
6/16/2004,81.30449677
6/17/2004,81.18325806
6/18/2004,81.33626556
6/21/2004,81.02846527
6/22/2004,81.43647766
6/23/2004,82.13796234
6/24/2004,81.88027191
6/25/2004,81.4865799
6/28/2004,81.20742035
6/29/2004,81.54384613
6/30/2004,81.98048401
7/1/2004,80.84236145
7/2/2004,80.79941559
7/6/2004,80.09077454
7/7/2004,80.32698822
7/8/2004,79.75434875
7/9/2004,79.97624969
7/12/2004,80.01203156
7/13/2004,80.06929779
7/14/2004,79.82592773
7/15/2004,79.3105545
7/16/2004,79.2461319
7/19/2004,78.90970612
7/20/2004,79.91182709
7/21/2004,78.43727875
7/22/2004,78.65201569
7/23/2004,77.9934845
7/26/2004,77.84316254
7/27/2004,78.57328033
7/28/2004,78.80949402
7/29/2004,79.1459198
7/30/2004,79.33917999
8/2/2004,79.5038147
8/3/2004,78.88822937
8/4/2004,78.881073
8/5/2004,77.59263611
8/6/2004,76.48314667
8/9/2004,76.59051514
8/10/2004,77.46379089
8/11/2004,77.42084503
8/12/2004,76.57620239
8/13/2004,76.72651672
8/16/2004,77.52105713
8/17/2004,77.95769501
8/18/2004,78.75938416
8/19/2004,78.53033447
8/20/2004,79.08149719
8/23/2004,78.881073
8/24/2004,78.98844147
8/25/2004,79.52529144
8/26/2004,79.52529144
8/27/2004,79.77581787
8/30/2004,79.11728668
8/31/2004,79.53244781
9/1/2004,79.68276978
9/2/2004,80.58467865
9/3/2004,80.25540924
9/7/2004,80.78510284
9/8/2004,80.58467865
9/9/2004,80.51309967
9/10/2004,80.9282608
9/13/2004,81.1931076
9/14/2004,81.35774231
9/15/2004,80.74215698
9/16/2004,80.98551941
9/17/2004,81.32965851
9/20/2004,80.84088898
9/21/2004,81.19309235
9/22/2004,80.17961884
9/23/2004,79.74834442
9/24/2004,80.11492157
9/27/2004,79.60459137
9/28/2004,79.9855423
9/29/2004,80.38805389
9/30/2004,80.33055878
10/1/2004,81.68904877
10/4/2004,81.82561493
10/5/2004,81.8687439
10/6/2004,82.38626099
10/7/2004,81.54528809
10/8/2004,80.86964417
10/11/2004,81.20027924
10/12/2004,80.88401794
10/13/2004,80.17242432
10/14/2004,79.52552795
10/15/2004,79.97116852
10/18/2004,80.27305603
10/19/2004,79.59740448
10/20/2004,79.43927002
10/21/2004,79.95679474
10/22/2004,79.05831909
10/25/2004,78.9648819
10/26/2004,80.17242432
10/27/2004,81.1355896
10/28/2004,81.37997437
10/29/2004,81.36559296
11/1/2004,81.58841705
11/2/2004,81.61717224
11/3/2004,82.64501953
11/4/2004,83.77350616
11/5/2004,84.29821014
11/8/2004,84.17601776
11/9/2004,84.01069641
11/10/2004,84.07538605
11/11/2004,84.71510315
11/12/2004,85.38356018
11/15/2004,85.59336853
11/16/2004,84.98059082
11/17/2004,85.48522949
11/18/2004,85.60057068
11/19/2004,84.64897156
11/22/2004,85.05268097
11/23/2004,85.18244934
11/24/2004,85.38430023
11/26/2004,85.31941986
11/29/2004,84.93012238
11/30/2004,84.9878006
12/1/2004,85.95381927
12/2/2004,86.02590942
12/3/2004,85.9682312
12/6/2004,85.93939972
12/7/2004,85.13919067
12/8/2004,85.63661957
12/9/2004,85.93939972
12/10/2004,86.02590942
12/13/2004,86.77565002
12/14/2004,87.07843018
12/15/2004,87.14331055
12/16/2004,87.09284973
12/17/2004,86.51187134
12/20/2004,86.53359985
12/21/2004,87.19996643
12/22/2004,87.41001892
12/23/2004,87.47520447
12/27/2004,87.29412079
12/28/2004,87.77217102
12/29/2004,87.90254974
12/30/2004,87.73595428
12/31/2004,87.54763794
1/3/2005,87.13478088
1/4/2005,85.997612
1/5/2005,85.47610474
1/6/2005,85.91069031
1/7/2005,85.78755951
1/10/2005,86.19316864
1/11/2005,85.59923553
1/12/2005,85.88171387
1/13/2005,85.19361877
1/14/2005,85.64269257
1/18/2005,86.53359985
1/19/2005,85.62821198
1/20/2005,85.10670471
1/21/2005,84.58519745
1/24/2005,84.41860962
1/25/2005,84.65763092
1/26/2005,84.91114044
1/27/2005,85.05599976
1/28/2005,85.05599976
1/31/2005,85.58475494
2/1/2005,86.12798309
2/2/2005,86.38873291
2/3/2005,86.16419983
2/4/2005,87.08407593
2/7/2005,86.96818542
2/8/2005,87.06958771
2/9/2005,86.41770935
2/10/2005,86.72916412
2/11/2005,87.47520447
2/14/2005,87.41001892
2/15/2005,87.73595428
2/16/2005,87.79389954
2/17/2005,87.08407593
2/18/2005,87.19996643
2/22/2005,85.90344238
2/23/2005,86.51911163
2/24/2005,87.09131622
2/25/2005,87.95324707
2/28/2005,87.37380219
3/1/2005,87.80838776
3/2/2005,87.76493073
3/3/2005,87.80114746
3/4/2005,88.89485931
3/7/2005,88.93831635
3/8/2005,88.60513306
3/9/2005,87.62007141
3/10/2005,87.81562805
3/11/2005,87.19996643
3/14/2005,87.74320221
3/15/2005,87.01889038
3/16/2005,86.28009033
3/17/2005,86.45392609
3/18/2005,86.19730377
3/21/2005,85.87734985
3/22/2005,85.00476837
3/23/2005,85.0774765
3/24/2005,85.17928314
3/28/2005,85.30289459
3/29/2005,84.73571777
3/30/2005,85.93552399
3/31/2005,85.77555084
4/1/2005,85.39015961
4/4/2005,85.53559113
4/5/2005,85.94280243
4/6/2005,86.24092865
4/7/2005,86.70631409
4/8/2005,85.80464172
4/11/2005,85.87007904
4/12/2005,86.31364441
4/13/2005,85.29563141
4/14/2005,84.18307495
4/15/2005,83.00508118
4/18/2005,83.25958252
4/19/2005,83.9213028
4/20/2005,82.75057983
4/21/2005,84.35759735
4/22/2005,84.03764343
4/25/2005,84.59028625
4/26/2005,83.76859283
4/27/2005,84.09581757
4/28/2005,83.04143524
4/29/2005,84.16853333
5/2/2005,84.64118958
5/3/2005,84.78661346
5/4/2005,85.44106293
5/5/2005,85.41197205
5/6/2005,85.14292145
5/9/2005,85.67375183
5/10/2005,84.78661346
5/11/2005,85.2519989
5/12/2005,84.31396484
5/13/2005,84.14672089
5/16/2005,84.93205261
5/17/2005,85.49922943
5/18/2005,86.37909698
5/19/2005,86.74267578
5/20/2005,86.6190567
5/23/2005,87.09897614
5/24/2005,86.89537811
5/25/2005,86.82993317
5/26/2005,87.29531097
5/27/2005,87.44074249
5/31/2005,86.88083649
6/1/2005,87.62253571
6/2/2005,87.8115921
6/3/2005,87.36802673
6/6/2005,87.28804016
6/7/2005,87.35348511
6/8/2005,87.19351196
6/9/2005,87.60799408
6/10/2005,87.4043808
6/13/2005,87.68070984
6/14/2005,87.88430786
6/15/2005,88.05155182
6/16/2005,88.27697754
6/17/2005,88.60378265
6/20/2005,88.63298798
6/21/2005,88.68409729
6/22/2005,88.75710297
6/23/2005,87.5086441
6/24/2005,86.86617279
6/27/2005,86.99028778
6/28/2005,87.72037506
6/29/2005,87.48674774
6/30/2005,87.01218414
7/1/2005,87.26771545
7/5/2005,87.96860504
7/6/2005,87.23121643
7/7/2005,87.57435608
7/8/2005,88.57457733
7/11/2005,89.02723694
7/12/2005,89.26086426
7/13/2005,89.38497925
7/14/2005,89.73542786
7/15/2005,89.68431091
7/18/2005,89.3265686
7/19/2005,89.81572723
7/20/2005,90.12237549
7/21/2005,89.59671021
7/22/2005,90.19538116
7/25/2005,89.93984985
7/26/2005,90.04936218
7/27/2005,90.3779068
7/28/2005,90.94737244
7/29/2005,90.34140015
8/1/2005,90.27568817
8/2/2005,90.81595612
8/3/2005,91.05688477
8/4/2005,90.32679749
8/5/2005,89.71351624
8/8/2005,89.54560089
8/9/2005,90.08586884
8/10/2005,90.04206085
8/11/2005,90.39980316
8/12/2005,89.84493256
8/15/2005,90.39980316
8/16/2005,89.2243576
8/17/2005,89.21705627
8/18/2005,89.20976257
8/19/2005,89.41418457
8/22/2005,89.41418457
8/23/2005,89.2462616
8/24/2005,88.45046234
8/25/2005,88.771698
8/26/2005,88.16573334
8/29/2005,88.8447113
8/30/2005,88.37745667
8/31/2005,89.49449158
9/1/2005,89.42878723
9/2/2005,89.26816559
9/6/2005,90.31219482
9/7/2005,90.46551514
9/8/2005,90.16617584
9/9/2005,90.96927643
9/12/2005,90.78675079
9/13/2005,90.28299713
9/14/2005,89.95445251
9/15/2005,89.91064453
9/16/2005,90.54975891
9/19/2005,90.24914551
9/20/2005,89.48662567
9/21/2005,88.65078735
9/22/2005,88.96605682
9/23/2005,89.03937531
9/26/2005,89.14202118
9/27/2005,89.12002563
9/28/2005,89.20800781
9/29/2005,89.93387604
9/30/2005,90.2124939
10/3/2005,89.88988495
10/4/2005,88.87807465
10/5/2005,87.7122879
10/6/2005,87.3970108
10/7/2005,87.69762421
10/10/2005,86.95709991
10/11/2005,86.83245087
10/12/2005,86.15058136
10/13/2005,86.09925842
10/14/2005,87.00842285
10/17/2005,87.3310318
10/18/2005,86.3852005
10/19/2005,87.82226563
10/20/2005,86.27522278
10/21/2005,86.61249542
10/24/2005,87.95424652
10/25/2005,87.77828217
10/26/2005,87.52165985
10/27/2005,86.59049988
10/28/2005,87.83693695
10/31/2005,88.07888794
11/1/2005,88.34283447
11/2/2005,89.2666626
11/3/2005,89.64792633
11/4/2005,89.53061676
11/7/2005,89.61860657
11/8/2005,89.61860657
11/9/2005,89.73590851
11/10/2005,90.43244934
11/11/2005,90.74039459
11/14/2005,90.68907166
11/15/2005,90.35913086
11/16/2005,90.54242706
11/17/2005,91.38560486
11/18/2005,91.74486542
11/21/2005,92.20678711
11/22/2005,92.60271454
11/23/2005,93.13793945
11/25/2005,93.21125793
11/28/2005,92.5513916
11/29/2005,92.4487381
11/30/2005,91.95016479
12/1/2005,92.88865662
12/2/2005,93.00596619
12/5/2005,92.80800629
12/6/2005,92.98397064
12/7/2005,92.44140625
12/8/2005,92.38275146
12/9/2005,92.62471008
12/12/2005,92.71268463
12/13/2005,93.34323883
12/14/2005,93.70983124
12/15/2005,93.43855286
12/16/2005,93.13758087
12/19/2005,92.65847778
12/20/2005,92.74693298
12/21/2005,92.89434814
12/22/2005,93.38082123
12/23/2005,93.43241882
12/27/2005,92.48158264
12/28/2005,92.68796539
12/29/2005,92.27519989
12/30/2005,91.77398682
1/3/2006,93.38819122
1/4/2006,93.83044434
1/5/2006,93.8894043
1/6/2006,94.67071533
1/9/2006,94.91395569
1/10/2006,95.00976563
1/11/2006,95.31197357
1/12/2006,94.93606567
1/13/2006,94.84761047
1/17/2006,94.58963776
1/18/2006,94.21372223
1/19/2006,94.57489014
1/20/2006,92.85012054
1/23/2006,93.18180847
1/24/2006,93.27763367
1/25/2006,93.35871124
1/26/2006,93.87466431
1/27/2006,94.74441528
1/30/2006,94.67071533
1/31/2006,93.9778595
2/1/2006,94.63385773
2/2/2006,93.53560638
2/3/2006,93.07124329
2/6/2006,93.31448364
2/7/2006,92.48895264
2/8/2006,93.32922363
2/9/2006,93.17443848
2/10/2006,93.34396362
2/13/2006,93.17443848
2/14/2006,94.16212463
2/15/2006,94.49381256
2/16/2006,95.20141602
2/17/2006,94.94342804
2/21/2006,94.70757294
2/22/2006,95.28249359
2/23/2006,95.14244843
2/24/2006,95.38568115
2/27/2006,95.42253876
2/28/2006,94.51592255
3/1/2006,95.35619354
3/2/2006,95.34883118
3/3/2006,94.90657806
3/6/2006,94.47170258
3/7/2006,94.32428741
3/8/2006,94.52330017
3/9/2006,93.8894043
3/10/2006,94.78127289
3/13/2006,94.95817566
3/14/2006,95.95323181
3/15/2006,96.3807373
3/16/2006,96.57975006
3/17/2006,96.66075897
3/20/2006,96.50536346
3/21/2006,95.89854431
3/22/2006,96.48316193
3/23/2006,96.28335571
3/24/2006,96.35736084
3/27/2006,96.21675873
3/28/2006,95.6247406
3/29/2006,96.22415161
3/30/2006,96.05395508
3/31/2006,96.07614899
4/3/2006,96.00214386
4/4/2006,96.61636353
4/5/2006,96.94936371
4/6/2006,96.84576416
4/7/2006,95.86154175
4/10/2006,96.009552
4/11/2006,95.19553375
4/12/2006,95.37313843
4/13/2006,95.24733734
4/17/2006,95.21033478
4/18/2006,96.71996307
4/19/2006,96.90496826
4/20/2006,97.03817749
4/21/2006,97.05296326
4/24/2006,96.87537384
4/25/2006,96.47575378
4/26/2006,96.49795532
4/27/2006,96.96416473
4/28/2006,97.28977966
5/1/2006,96.49795532
5/2/2006,97.22317505
5/3/2006,96.86056519
5/4/2006,97.20837402
5/5/2006,98.06679535
5/8/2006,97.94838715
5/9/2006,98.14079285
5/10/2006,98.08899689
5/11/2006,96.90496826
5/12/2006,95.63954926
5/15/2006,95.83194733
5/16/2006,95.69134521
5/17/2006,93.87090302
5/18/2006,93.39729309
5/19/2006,94.0559082
5/22/2006,93.33809662
5/23/2006,92.62767792
5/24/2006,93.36769867
5/25/2006,94.52212524
5/26/2006,95.00313568
5/30/2006,93.31589508
5/31/2006,94.35932159
6/1/2006,95.26213074
6/2/2006,95.49153137
6/5/2006,94.07070923
6/6/2006,93.84130096
6/7/2006,93.13829041
6/8/2006,93.0568924
6/9/2006,92.76087952
6/12/2006,91.7544632
6/13/2006,90.68884277
6/14/2006,91.39185333
6/15/2006,93.33069611
6/16/2006,92.65093994
6/19/2006,91.92250824
6/20/2006,92.23468781
6/21/2006,92.91851807
6/22/2006,92.50971222
6/23/2006,92.49485016
6/26/2006,92.90365601
6/27/2006,92.10090637
6/28/2006,92.7252655
6/29/2006,94.59835052
6/30/2006,94.60578156
7/3/2006,94.99229431
7/5/2006,94.44969177
7/6/2006,94.72471619
7/7/2006,94.10778046
7/10/2006,94.28617096
7/11/2006,94.70241547
7/12/2006,93.69154358
7/13/2006,92.1678009
7/14/2006,91.8110199
7/17/2006,91.67722321
7/18/2006,92.14550018
7/19/2006,93.42395782
7/20/2006,92.784729
7/21/2006,92.13063049
7/24/2006,93.81046295
7/25/2006,94.14495087
7/26/2006,94.2713089
7/27/2006,94.18211365
7/28/2006,95.126091
7/31/2006,95.02945709
8/1/2006,94.56118774
8/2/2006,95.20041656
8/3/2006,95.45313263
8/4/2006,95.28961182
8/7/2006,95.10378265
8/8/2006,94.70241547
8/9/2006,94.38280487
8/10/2006,94.67268372
8/11/2006,94.40509796
8/14/2006,94.47942352
8/15/2006,95.60923004
8/16/2006,96.40454102
8/17/2006,96.64982605
8/18/2006,97.14040375
8/21/2006,96.72415924
8/22/2006,96.71672058
8/23/2006,96.44913483
8/24/2006,96.36737823
8/25/2006,96.48630524
8/28/2006,96.94713593
8/29/2006,97.05863953
8/30/2006,97.11810303
8/31/2006,97.10323334
9/1/2006,97.68299866
9/5/2006,97.86882019
9/6/2006,97.00660706
9/7/2006,96.56063843
9/8/2006,96.83564758
9/11/2006,96.93228149
9/12/2006,97.88368988
9/13/2006,98.27763367
9/14/2006,98.2850647
9/15/2006,98.5160141
9/18/2006,98.65039063
9/19/2006,98.40402222
9/20/2006,98.92661285
9/21/2006,98.44881439
9/22/2006,98.15019226
9/25/2006,98.90421295
9/26/2006,99.72543335
9/27/2006,99.84488678
9/28/2006,99.80755615
9/29/2006,99.72543335
10/2/2006,99.35215759
10/3/2006,99.56118774
10/4/2006,100.7258224
10/5/2006,100.9199219
10/6/2006,100.7930069
10/9/2006,100.8527374
10/10/2006,100.9871216
10/11/2006,100.8676682
10/12/2006,101.7411423
10/13/2006,102.0024414
10/16/2006,102.1592178
10/17/2006,101.8382034
10/18/2006,101.9725723
10/19/2006,102.1368179
10/20/2006,102.1592178
10/23/2006,102.6295547
10/24/2006,102.9356461
10/25/2006,103.2865295
10/26/2006,103.6075439
10/27/2006,102.9580383
10/30/2006,102.8833771
10/31/2006,102.8684464
11/1/2006,102.1741486
11/2/2006,102.1144257
11/3/2006,101.9352417
11/6/2006,103.0849533
11/7/2006,103.480629
11/8/2006,103.7045975
11/9/2006,103.1595993
11/10/2006,103.2044067
11/13/2006,103.4582367
11/14/2006,104.2346497
11/15/2006,104.5332794
11/16/2006,104.8020401
11/17/2006,104.8319016
11/20/2006,104.8916245
11/21/2006,104.9961472
11/22/2006,105.2051773
11/24/2006,104.7796478
11/27/2006,103.3387833
11/28/2006,103.7867203
11/29/2006,104.8692322
11/30/2006,104.9140244
12/1/2006,104.6825943
12/4/2006,105.4814072
12/5/2006,105.9368057
12/6/2006,105.8472214
12/7/2006,105.3843613
12/8/2006,105.5784607
12/11/2006,105.884552
12/12/2006,105.8024292
12/13/2006,105.9144058
12/14/2006,106.8476105
12/15/2006,106.8571014
12/18/2006,106.5643234
12/19/2006,106.7670212
12/20/2006,106.7069626
12/21/2006,106.3165894
12/22/2006,105.6634674
12/26/2006,106.2865601
12/27/2006,106.984726
12/28/2006,106.7595215
12/29/2006,106.3165894
1/3/2007,106.1289063
1/4/2007,106.354126
1/5/2007,105.5058136
1/8/2007,105.993782
1/9/2007,105.9037018
1/10/2007,106.2565308
1/11/2007,106.7219772
1/12/2007,107.532753
1/16/2007,107.3225555
1/17/2007,107.3675995
1/18/2007,107.0072479
1/19/2007,107.217453
1/22/2007,106.8871384
1/23/2007,107.2024384
1/24/2007,108.0657578
1/25/2007,106.7970428
1/26/2007,106.6994629
1/29/2007,106.6394043
1/30/2007,107.1949234
1/31/2007,107.9156189
2/1/2007,108.5612335
2/2/2007,108.71138
2/5/2007,108.7414093
2/6/2007,108.7714386
2/7/2007,109.011673
2/8/2007,108.8690338
2/9/2007,108.0582581
2/12/2007,107.6903992
2/13/2007,108.5987701
2/14/2007,109.3119507
2/15/2007,109.4545898
2/16/2007,109.4020386
2/20/2007,109.634758
2/21/2007,109.5897141
2/22/2007,109.5071335
2/23/2007,109.0792313
2/26/2007,108.981636
2/27/2007,104.7250671
2/28/2007,105.7985916
3/1/2007,105.4832916
3/2/2007,104.1019745
3/5/2007,103.1110306
3/6/2007,104.8752136
3/7/2007,104.7701111
3/8/2007,105.6559601
3/9/2007,105.6859894
3/12/2007,105.8436432
3/13/2007,103.7866745
3/14/2007,104.5599136
3/15/2007,104.7025452
3/16/2007,104.4095612
3/19/2007,105.6682281
3/20/2007,106.2485809
3/21/2007,107.9971466
3/22/2007,107.9142456
3/23/2007,108.072525
3/26/2007,107.9293213
3/27/2007,107.6730652
3/28/2007,106.8892288
3/29/2007,107.0022736
3/30/2007,107.0248871
4/2/2007,107.1454773
4/3/2007,108.2986374
4/4/2007,108.4192276
4/5/2007,108.7131729
4/9/2007,108.8639069
4/10/2007,108.9920349
4/11/2007,108.5473557
4/12/2007,109.0297241
4/13/2007,109.5271606
4/16/2007,110.5672607
4/17/2007,110.8611984
4/18/2007,110.9968719
4/19/2007,110.966713
4/20/2007,112.0143509
4/23/2007,111.5922852
4/24/2007,111.6375046
4/25/2007,112.662529
4/26/2007,112.790657
4/27/2007,112.7002182
4/30/2007,111.7656326
5/1/2007,112.0520401
5/2/2007,112.7077484
5/3/2007,113.3182526
5/4/2007,113.7478561
5/7/2007,113.7704697
5/8/2007,113.6197281
5/9/2007,113.9287491
5/10/2007,112.7379074
5/11/2007,113.7026367
5/14/2007,113.4539185
5/15/2007,113.4840698
5/16/2007,114.260376
5/17/2007,114.0342636
5/18/2007,115.0291367
5/21/2007,115.0216064
5/22/2007,114.8784027
5/23/2007,114.8934784
5/24/2007,113.8533707
5/25/2007,114.3282089
5/29/2007,114.7427444
5/30/2007,115.6773148
5/31/2007,115.5567322
6/1/2007,116.1295395
6/4/2007,116.1446152
6/5/2007,115.6848602
6/6/2007,114.4412537
6/7/2007,112.3761368
6/8/2007,113.838295
6/11/2007,114.0342636
6/12/2007,112.790657
6/13/2007,114.4789429
6/14/2007,115.2100296
6/15/2007,115.8652496
6/18/2007,115.7289963
6/19/2007,116.0166397
6/20/2007,114.4043427
6/21/2007,115.0401764
6/22/2007,113.9577484
6/25/2007,113.4127502
6/26/2007,112.2470551
6/27/2007,113.8442001
6/28/2007,113.829071
6/29/2007,113.8669128
7/2/2007,114.8963547
7/3/2007,115.3126755
7/5/2007,115.1915588
7/6/2007,115.7971191
7/9/2007,115.8879547
7/10/2007,114.2378159
7/11/2007,115.0477524
7/12/2007,116.8644104
7/13/2007,117.2126083
7/16/2007,117.197464
7/17/2007,117.1369095
7/18/2007,116.9249649
7/19/2007,117.3791351
7/20/2007,116.1907272
7/23/2007,116.5464935
7/24/2007,114.5254593
7/25/2007,114.7601089
7/26/2007,112.0426865
7/27/2007,109.8399811
7/30/2007,111.5582428
7/31/2007,110.301712
8/1/2007,110.8391418
8/2/2007,111.7247696
8/3/2007,108.8483887
8/6/2007,110.6726227
8/7/2007,111.8534546
8/8/2007,113.4127502
8/9/2007,110.0519257
8/10/2007,109.5372086
8/13/2007,109.930809
8/14/2007,108.2503967
8/15/2007,106.7592163
8/16/2007,107.5615845
8/17/2007,109.5372086
8/20/2007,109.4842148
8/21/2007,109.7037277
8/22/2007,111.0056686
8/23/2007,110.9072723
8/24/2007,112.2773361
8/27/2007,111.2327499
8/28/2007,108.7878265
8/29/2007,110.9224014
8/30/2007,110.6271973
8/31/2007,111.7171936
9/4/2007,112.845047
9/5/2007,111.8685837
9/6/2007,112.1259537
9/7/2007,110.5666504
9/10/2007,110.3546982
9/11/2007,111.64151
9/12/2007,111.9291382
9/13/2007,112.716362
9/14/2007,112.708786
9/17/2007,112.103241
9/18/2007,115.403511
9/19/2007,116.0847549
9/20/2007,115.2672577
9/21/2007,115.5781097
9/24/2007,115.3651581
9/25/2007,115.1369934
9/26/2007,115.7454224
9/27/2007,116.4299011
9/28/2007,116.0420303
10/1/2007,117.3501511
10/2/2007,117.1904297
10/3/2007,116.9546661
10/4/2007,117.1371994
10/5/2007,118.5289764
10/8/2007,117.8977356
10/9/2007,119.0081024
10/10/2007,118.8103714
10/11/2007,118.2399673
10/12/2007,118.8940277
10/15/2007,117.8901215
10/16/2007,116.9546661
10/17/2007,117.3121185
10/18/2007,116.8862228
10/19/2007,113.8288803
10/22/2007,114.4905396
10/23/2007,115.4183884
10/24/2007,115.2054443
10/25/2007,115.4792328
10/26/2007,116.8329773
10/29/2007,117.2208557
10/30/2007,116.4070816
10/31/2007,117.6163254
11/1/2007,114.863205
11/2/2007,114.9924927
11/5/2007,114.1178894
11/6/2007,115.6541672
11/7/2007,112.4903488
11/8/2007,111.9199448
11/9/2007,110.383667
11/12/2007,109.2884979
11/13/2007,112.6120377
11/14/2007,112.3078156
11/15/2007,110.6878738
11/16/2007,110.8780136
11/19/2007,109.3341293
11/20/2007,110.0034027
11/21/2007,107.7522202
11/23/2007,109.6155319
11/26/2007,107.1970367
11/27/2007,108.4291077
11/28/2007,111.8971329
11/29/2007,111.9351501
11/30/2007,113.0607452
12/3/2007,112.3154144
12/4/2007,111.3115158
12/5/2007,113.1748199
12/6/2007,114.7947617
12/7/2007,114.7719421
12/10/2007,115.6617661
12/11/2007,112.4903488
12/12/2007,113.6007156
12/13/2007,113.3649521
12/14/2007,111.9275513
12/17/2007,110.3304367
12/18/2007,110.9464645
12/19/2007,110.9464645
12/20/2007,111.6461563
12/21/2007,113.2558899
12/24/2007,114.0969086
12/26/2007,114.3415756
12/27/2007,112.9041824
12/28/2007,112.6212921
12/31/2007,111.7879181
1/2/2008,110.8092575
1/3/2008,110.7557373
1/4/2008,108.0415115
1/7/2008,107.9497681
1/8/2008,106.206543
1/9/2008,107.3228149
1/10/2008,108.0262146
1/11/2008,107.1546021
1/14/2008,108.0185776
1/15/2008,105.6407623
1/16/2008,104.7309189
1/17/2008,102.0166855
1/18/2008,100.9692307
1/22/2008,99.94470978
1/23/2008,102.345459
1/24/2008,103.2094269
1/25/2008,101.7185059
1/28/2008,103.4005737
1/29/2008,103.9128342
1/30/2008,103.148262
1/31/2008,105.0290985
2/1/2008,106.7188034
2/4/2008,105.3731689
2/5/2008,102.5518951
2/6/2008,101.7261581
2/7/2008,102.3989716
2/8/2008,101.7414551
2/11/2008,102.2613602
2/12/2008,103.2094269
2/13/2008,104.2645264
2/14/2008,103.3470459
2/15/2008,103.3241119
2/19/2008,103.6146469
2/20/2008,103.9204712
2/21/2008,103.0565033
2/22/2008,103.6911011
2/25/2008,104.9985199
2/26/2008,105.786026
2/27/2008,105.6789932
2/28/2008,104.6468124
2/29/2008,102.3148804
3/3/2008,102.0702133
3/4/2008,101.6802902
3/5/2008,102.322525
3/6/2008,100.2046585
3/7/2008,99.17249298
3/10/2008,97.86507416
3/11/2008,101.382103
3/12/2008,100.4340363
3/13/2008,100.6557541
3/14/2008,99.09603119
3/17/2008,98.09444427
3/18/2008,102.1696091
3/19/2008,99.6388855
3/20/2008,101.484436
3/24/2008,103.5128937
3/25/2008,103.6127853
3/26/2008,102.344986
3/27/2008,102.0222778
3/28/2008,101.046463
3/31/2008,101.3999176
4/1/2008,104.9650879
4/2/2008,105.0342331
4/3/2008,105.2954712
4/4/2008,105.1802216
4/7/2008,105.2340164
4/8/2008,105.126442
4/9/2008,104.3657684
4/10/2008,104.5117569
4/11/2008,102.4832993
4/14/2008,102.1375275
4/15/2008,102.3757324
4/16/2008,105.1494904
4/17/2008,105.3031616
4/18/2008,106.4019089
4/21/2008,106.4556961
4/22/2008,105.9869995
4/23/2008,105.8179626
4/24/2008,106.2789764
4/25/2008,107.2624741
4/28/2008,107.2855225
4/29/2008,106.8629227
4/30/2008,106.2328644
5/1/2008,108.4303665
5/2/2008,108.7300262
5/5/2008,108.20755
5/6/2008,109.1449432
5/7/2008,107.201004
5/8/2008,106.9243927
5/9/2008,106.724617
5/12/2008,107.9232559
5/13/2008,107.9386139
5/14/2008,108.1614456
5/15/2008,109.5137482
5/16/2008,109.6136398
5/19/2008,109.9132996
5/20/2008,109.0220032
5/21/2008,107.1779556
5/22/2008,107.1933136
5/23/2008,105.7564926
5/27/2008,106.5402145
5/28/2008,107.0319672
5/29/2008,107.569809
5/30/2008,107.8387375
6/2/2008,106.724617
6/3/2008,106.1022491
6/4/2008,106.0484695
6/5/2008,108.1691284
6/6/2008,104.7192078
6/9/2008,104.9727631
6/10/2008,104.4502869
6/11/2008,102.9135742
6/12/2008,103.3054352
6/13/2008,104.6116333
6/16/2008,104.6731033
6/17/2008,104.1660004
6/18/2008,103.1517639
6/19/2008,103.2823868
6/20/2008,101.6061096
6/23/2008,101.5057144
6/24/2008,101.3049469
6/25/2008,101.7837067
6/26/2008,99.0192337
6/27/2008,98.4786911
6/30/2008,98.82618713
7/1/2008,99.1350708
7/2/2008,97.43622589
7/3/2008,97.53660583
7/7/2008,96.54046631
7/8/2008,98.25475311
7/9/2008,96.36286926
7/10/2008,96.75669098
7/11/2008,95.62927246
7/14/2008,94.76441193
7/15/2008,93.42850494
7/16/2008,95.72193909
7/17/2008,96.67946625
7/18/2008,97.28178406
7/21/2008,97.33583832
7/22/2008,98.44008636
7/23/2008,98.97290039
7/24/2008,96.91885376
7/25/2008,96.89568329
7/28/2008,95.47483826
7/29/2008,97.51344299
7/30/2008,99.25089264
7/31/2008,97.93815613
8/1/2008,97.420784
8/4/2008,96.51730347
8/5/2008,99.11962128
8/6/2008,99.55976868
8/7/2008,98.07715607
8/8/2008,99.89953613
8/11/2008,100.9342957
8/12/2008,99.88410187
8/13/2008,99.28179169
8/14/2008,100.0308151
8/15/2008,100.5173035
8/18/2008,99.14278412
8/19/2008,98.06170654
8/20/2008,98.51730347
8/21/2008,98.68719482
8/22/2008,100.1157532
8/25/2008,98.08486938
8/26/2008,98.37059021
8/27/2008,99.32811737
8/28/2008,100.532753
8/29/2008,99.45166016
9/2/2008,98.83390808
9/3/2008,98.7489624
9/4/2008,95.77599335
9/5/2008,96.07714844
9/8/2008,98.06170654
9/9/2008,95.1505127
9/10/2008,95.53661346
9/11/2008,96.91885376
9/12/2008,97.36672211
9/15/2008,92.73352051
9/16/2008,94.28564453
9/17/2008,90.04627228
9/18/2008,92.71807861
9/19/2008,96.40021515
9/22/2008,94.21776581
9/23/2008,92.07416534
9/24/2008,92.36930084
9/25/2008,93.81390381
9/26/2008,93.86050415
9/29/2008,86.50543976
9/30/2008,90.08588409
10/1/2008,90.14025116
10/2/2008,86.87047577
10/3/2008,85.6977005
10/6/2008,81.33282471
10/7/2008,77.69024658
10/8/2008,75.73303986
10/9/2008,70.44391632
10/10/2008,68.73524475
10/13/2008,78.71544647
10/14/2008,77.55044556
10/15/2008,69.91577911
10/16/2008,72.82829285
10/17/2008,72.39335632
10/20/2008,76.7427063
10/21/2008,74.45153046
10/22/2008,70.39731598
10/23/2008,71.21282196
10/24/2008,67.60131073
10/27/2008,65.20140076
10/28/2008,72.82052612
10/29/2008,72.29239655
10/30/2008,74.7932663
10/31/2008,75.20490265
11/3/2008,75.42237091
11/4/2008,77.98538208
11/5/2008,74.70783234
11/6/2008,70.5681839
11/7/2008,72.89819336
11/10/2008,71.94288635
11/11/2008,69.72161102
11/12/2008,66.65377045
11/13/2008,70.80895233
11/14/2008,67.27510834
11/17/2008,66.38193512
11/18/2008,67.63237762
11/19/2008,63.2985611
11/20/2008,58.59970856
11/21/2008,61.76074982
11/24/2008,66.04019928
11/25/2008,66.5295105
11/26/2008,69.10028076
11/28/2008,69.97014618
12/1/2008,63.77232742
12/2/2008,66.22660065
12/3/2008,67.81877899
12/4/2008,66.24990845
12/5/2008,68.2925415
12/8/2008,70.67691803
12/9/2008,69.51191711
12/10/2008,69.98568726
12/11/2008,68.30031586
12/12/2008,69.11581421
12/15/2008,68.15274048
12/16/2008,71.36038971
12/17/2008,70.66915131
12/18/2008,69.34881592
12/19/2008,69.05076599
12/22/2008,68.16600037
12/23/2008,67.4613266
12/24/2008,67.85281372
12/26/2008,68.24430084
12/29/2008,68.0485611
12/30/2008,69.66149139
12/31/2008,70.65586853
1/2/2009,72.78556824
1/5/2009,72.69944
1/6/2009,73.18489075
1/7/2009,70.99254608
1/8/2009,71.28224945
1/9/2009,69.75543976
1/12/2009,68.07987213
1/13/2009,68.20515442
1/14/2009,66.05979919
1/15/2009,66.08328247
1/16/2009,66.60004425
1/20/2009,63.08448029
1/21/2009,65.80924225
1/22/2009,64.79136658
1/23/2009,65.07324219
1/26/2009,65.51953888
1/27/2009,66.18506622
1/28/2009,68.42438507
1/29/2009,66.20072937
1/30/2009,64.85401154
2/2/2009,64.65826416
2/3/2009,65.56651306
2/4/2009,65.24549866
2/5/2009,66.21638489
2/6/2009,68.10336304
2/9/2009,68.19731903
2/10/2009,65.07324219
2/11/2009,65.45690155
2/12/2009,65.50388336
2/13/2009,64.79920197
2/17/2009,62.02746201
2/18/2009,61.87869263
2/19/2009,61.21316528
2/20/2009,60.61809921
2/23/2009,58.4492569
2/24/2009,60.66508102
2/25/2009,60.18746567
2/26/2009,59.20874405
2/27/2009,57.88550949
3/2/2009,55.27819443
3/3/2009,54.8632164
3/4/2009,56.16296387
3/5/2009,53.86883926
3/6/2009,53.96279144
3/9/2009,53.32858276
3/10/2009,56.50746918
3/11/2009,56.87546921
3/12/2009,59.11478424
3/13/2009,59.57674026
3/16/2009,59.39665604
3/17/2009,61.21316528
3/18/2009,62.58337402
3/19/2009,61.80822754
3/20/2009,60.49241638
3/23/2009,64.83752441
3/24/2009,63.56001282
3/25/2009,64.23030853
3/26/2009,65.53936768
3/27/2009,64.35648346
3/30/2009,62.13267517
3/31/2009,62.70833969
4/1/2009,63.92276001
4/2/2009,65.7917099
4/3/2009,66.44624329
4/6/2009,65.92577362
4/7/2009,64.38803101
4/8/2009,65.08198547
4/9/2009,67.66854095
4/13/2009,67.68431854
4/14/2009,66.51721191
4/15/2009,67.22693634
4/16/2009,68.21266937
4/17/2009,68.67005157
4/20/2009,65.7917099
4/21/2009,67.07710266
4/22/2009,66.66704559
4/23/2009,67.32157135
4/24/2009,68.3388443
4/27/2009,67.69219971
4/28/2009,67.47928619
4/29/2009,68.91451263
4/30/2009,68.93817139
5/1/2009,69.30880737
5/4/2009,71.66667175
5/5/2009,71.42221069
5/6/2009,72.66029358
5/7/2009,71.65090179
5/8/2009,73.32270813
5/11/2009,71.95056152
5/12/2009,71.73764801
5/13/2009,69.93178558
5/14/2009,70.53111267
5/15/2009,69.95544434
5/18/2009,71.94268036
5/19/2009,71.85594177
5/20/2009,71.37490082
5/21/2009,70.34973907
5/22/2009,70.1999054
5/26/2009,71.99788666
5/27/2009,70.71248627
5/28/2009,71.6982193
5/29/2009,72.9678421
6/1/2009,74.73426819
6/2/2009,74.79736328
6/3/2009,73.85105896
6/4/2009,74.54501343
6/5/2009,74.56079102
6/8/2009,74.25324249
6/9/2009,74.63175964
6/10/2009,74.44249725
6/11/2009,74.77370453
6/12/2009,74.97873688
6/15/2009,73.25962067
6/16/2009,72.26599884
6/17/2009,72.19503021
6/18/2009,72.72338104
6/19/2009,72.99158478
6/22/2009,70.80278015
6/23/2009,70.85829926
6/24/2009,71.46894073
6/25/2009,73.02330017
6/26/2009,72.83296967
6/29/2009,73.51498413
6/30/2009,72.92020416
7/1/2009,73.22156525
7/2/2009,71.22309875
7/6/2009,71.21517181
7/7/2009,69.83527374
7/8/2009,69.78768921
7/9/2009,69.92250824
7/10/2009,69.75596619
7/13/2009,71.45307922
7/14/2009,71.85752869
7/15/2009,73.95909119
7/16/2009,73.84013367
7/17/2009,74.64903259
7/20/2009,75.44207764
7/21/2009,75.79101563
7/22/2009,75.77516174
7/23/2009,77.4484787
7/24/2009,77.76569366
7/27/2009,77.99567413
7/28/2009,77.63087463
7/29/2009,77.44054413
7/30/2009,78.24945068
7/31/2009,78.36047363
8/3/2009,79.65313721
8/4/2009,79.85932159
8/5/2009,79.62934113
8/6/2009,79.21695709
8/7/2009,80.25584412
8/10/2009,80.08930206
8/11/2009,79.09007263
8/12/2009,79.93862915
8/13/2009,80.54927063
8/14/2009,79.93069458
8/17/2009,77.96395111
8/18/2009,78.58252716
8/19/2009,79.27246857
8/20/2009,80.08930206
8/21/2009,81.65953064
8/24/2009,81.65159607
8/25/2009,81.81021118
8/26/2009,81.81813812
8/27/2009,82.00054169
8/28/2009,81.98467255
8/31/2009,81.25507355
9/1/2009,79.46279907
9/2/2009,79.16144562
9/3/2009,79.81967163
9/4/2009,80.93785858
9/8/2009,81.63574219
9/9/2009,82.26224518
9/10/2009,83.10286713
9/11/2009,83.08700562
9/14/2009,83.49145508
9/15/2009,83.84039307
9/16/2009,85.10926056
9/17/2009,84.9823761
9/18/2009,85.03681946
9/21/2009,84.82167816
9/22/2009,85.31570435
9/23/2009,84.60653687
9/24/2009,83.67425537
9/25/2009,83.22803497
9/28/2009,84.71809387
9/29/2009,84.46310425
9/30/2009,84.13640594
10/1/2009,82.04873657
10/2/2009,81.66625977
10/5/2009,82.88539886
10/6/2009,84.07266998
10/7/2009,84.30374908
10/8/2009,84.94917297
10/9/2009,85.46710205
10/12/2009,85.80176544
10/13/2009,85.62646484
10/14/2009,87.10058594
10/15/2009,87.41931915
10/16/2009,86.76592255
10/19/2009,87.48306274
10/20/2009,87.02090454
10/21/2009,86.24002075
10/22/2009,87.11652374
10/23/2009,86.12049866
10/26/2009,85.18821716
10/27/2009,84.79777527
10/28/2009,83.19616699
10/29/2009,84.98104095
10/30/2009,82.51885986
11/2/2009,83.12445068
11/3/2009,83.38739777
11/4/2009,83.60253906
11/5/2009,85.14040375
11/6/2009,85.36351776
11/9/2009,87.30776215
11/10/2009,87.32369232
11/11/2009,87.76992035
11/12/2009,86.87747955
11/13/2009,87.34760284
11/16/2009,88.61454773
11/17/2009,88.71813202
11/18/2009,88.66235352
11/19/2009,87.50696564
11/20/2009,87.19620514
11/23/2009,88.30378723
11/24/2009,88.43924713
11/25/2009,88.75000763
11/27/2009,87.30776215
11/30/2009,87.60258484
12/1/2009,88.68626404
12/2/2009,88.64642334
12/3/2009,87.95318604
12/4/2009,88.45518494
12/7/2009,88.31972504
12/8/2009,87.33963776
12/9/2009,87.66632843
12/10/2009,88.16036224
12/11/2009,88.53486633
12/14/2009,89.14045715
12/15/2009,88.72610474
12/16/2009,88.86156464
12/17/2009,87.79382324
12/18/2009,88.29066467
12/21/2009,89.18791199
12/22/2009,89.50836182
12/23/2009,89.68460083
12/24/2009,90.10919189
12/28/2009,90.30146027
12/29/2009,90.17327881
12/30/2009,90.14123535
12/31/2009,89.27603912
1/4/2010,90.79013824
1/5/2010,91.0304718
1/6/2010,91.09455872
1/7/2010,91.47909546
1/8/2010,91.78351593
1/11/2010,91.91169739
1/12/2010,91.05450439
1/13/2010,91.82357788
1/14/2010,92.07191467
1/15/2010,91.03848267
1/19/2010,92.17606354
1/20/2010,91.2387619
1/21/2010,89.48432159
1/22/2010,87.48954773
1/25/2010,87.93817139
1/26/2010,87.569664
1/27/2010,87.9862442
1/28/2010,86.97683716
1/29/2010,86.03152466
2/1/2010,87.36938477
2/2/2010,88.42684937
2/3/2010,87.9862442
2/4/2010,85.27046967
2/5/2010,85.44671631
2/8/2010,84.82985687
2/9/2010,85.89533997
2/10/2010,85.72710419
2/11/2010,86.62434387
2/12/2010,86.55225372
2/16/2010,87.91413879
2/17/2010,88.33071899
2/18/2010,88.85144806
2/19/2010,89.03569794
2/22/2010,89.05172729
2/23/2010,87.97021484
2/24/2010,88.77934265
2/25/2010,88.65917206
2/26/2010,88.71525574
3/1/2010,89.63653564
3/2/2010,89.88488007
3/3/2010,89.96499634
3/4/2010,90.23736572
3/5/2010,91.52716064
3/8/2010,91.54318237
3/9/2010,91.69539642
3/10/2010,92.10396576
3/11/2010,92.48849487
3/12/2010,92.49650574
3/15/2010,92.52053833
3/16/2010,93.25756836
3/17/2010,93.81033325
3/18/2010,93.76226807
3/19/2010,93.28796387
3/22/2010,93.78669739
3/23/2010,94.44632721
3/24/2010,93.9878006
3/25/2010,93.83496857
3/26/2010,93.77865601
3/29/2010,94.37392426
3/30/2010,94.4382782
3/31/2010,94.11650848
4/1/2010,94.76004791
4/5/2010,95.53227997
4/6/2010,95.75751495
4/7/2010,95.21051788
4/8/2010,95.54032135
4/9/2010,96.16777039
4/12/2010,96.32060242
4/13/2010,96.39300537
4/14/2010,97.48701477
4/15/2010,97.56745148
4/16/2010,96.01493073
4/19/2010,96.37691498
4/20/2010,97.23764038
4/21/2010,97.06066895
4/22/2010,97.35025787
4/23/2010,97.98574066
4/26/2010,97.61571503
4/27/2010,95.30704498
4/28/2010,96.03101349
4/29/2010,97.22154999
4/30/2010,95.57250214
5/3/2010,96.81130219
5/4/2010,94.5348053
5/5/2010,93.97171783
5/6/2010,90.85059357
5/7/2010,89.49917603
5/10/2010,93.44080353
5/11/2010,93.17534637
5/12/2010,94.47849274
5/13/2010,93.30405426
5/14/2010,91.61478424
5/17/2010,91.66304779
5/18/2010,90.41620636
5/19/2010,89.90138245
5/20/2010,86.50675201
5/21/2010,87.76968384
5/24/2010,86.64350128
5/25/2010,86.731987
5/26/2010,86.20911407
5/27/2010,89.0969696
5/28/2010,87.97882843
6/1/2010,86.498703
6/2/2010,88.75106812
6/3/2010,89.05673981
6/4/2010,85.92757416
6/7/2010,84.85769653
6/8/2010,85.76669312
6/9/2010,85.30817413
6/10/2010,87.80185699
6/11/2010,88.22819519
6/14/2010,88.09144592
6/15/2010,90.09443665
6/16/2010,90.06226349
6/17/2010,90.20705414
6/18/2010,90.30508423
6/21/2010,90.04644775
6/22/2010,88.55927277
6/23/2010,88.28447723
6/24/2010,86.82154846
6/25/2010,87.18526459
6/28/2010,86.9104538
6/29/2010,84.22708893
6/30/2010,83.42692566
7/1/2010,83.05513763
7/2/2010,82.60251617
7/6/2010,83.14404297
7/7/2010,85.76274872
7/8/2010,86.61141205
7/9/2010,87.25800323
7/12/2010,87.3145752
7/13/2010,88.63201904
7/14/2010,88.62393188
7/15/2010,88.6481781
7/16/2010,86.20729065
7/19/2010,86.71647644
7/20/2010,87.67829132
7/21/2010,86.53866577
7/22/2010,88.47036743
7/23/2010,89.23820496
7/26/2010,90.16767883
7/27/2010,90.1595993
7/28/2010,89.57765961
7/29/2010,89.14121246
7/30/2010,89.12504578
8/2/2010,91.13757324
8/3/2010,90.70111847
8/4/2010,91.30730438
8/5/2010,91.21031189
8/6/2010,90.83852386
8/9/2010,91.32346344
8/10/2010,90.83043671
8/11/2010,88.34104919
8/12/2010,87.7995224
8/13/2010,87.54088593
8/16/2010,87.50047302
8/17/2010,88.57543945
8/18/2010,88.73709106
8/19/2010,87.19333649
8/20/2010,86.9104538
8/23/2010,86.57907867
8/24/2010,85.2939682
8/25/2010,85.62535095
8/26/2010,85.05149841
8/27/2010,86.36893463
8/30/2010,85.11615753
8/31/2010,85.11615753
9/1/2010,87.66212463
9/2/2010,88.47845459
9/3/2010,89.62615204
9/7/2010,88.61585236
9/8/2010,89.23820496
9/9/2010,89.65039825
9/10/2010,90.10301971
9/13/2010,91.10523987
9/14/2010,91.04866791
9/15/2010,91.39620972
9/16/2010,91.3719635
9/17/2010,91.40619659
9/20/2010,92.80381775
9/21/2010,92.61693573
9/22/2010,92.16188812
9/23/2010,91.4143219
9/24/2010,93.29949188
9/27/2010,92.85256958
9/28/2010,93.17760468
9/29/2010,93.01509094
9/30/2010,92.73881531
10/1/2010,93.12885284
10/4/2010,92.43003845
10/5/2010,94.29082489
10/6/2010,94.28269958
10/7/2010,94.16893768
10/8/2010,94.69711304
10/11/2010,94.78649902
10/12/2010,95.07902527
10/13/2010,95.81845856
10/14/2010,95.44467926
10/15/2010,95.63969421
10/18/2010,96.1109848
10/19/2010,94.85150146
10/20/2010,95.77783966
10/21/2010,95.9890976
10/22/2010,96.16786957
10/25/2010,96.45226288
10/26/2010,96.46852112
10/27/2010,96.19224548
10/28/2010,96.20849609
10/29/2010,96.28162384
11/1/2010,96.31413269
11/2/2010,97.07794952
11/3/2010,97.46797943
11/4/2010,99.34502411
11/5/2010,99.71881104
11/8/2010,99.53191376
11/9/2010,98.81685638
11/10/2010,99.2150116
11/11/2010,98.8412323
11/12/2010,97.67112732
11/15/2010,97.5329895
11/16/2010,96.01348114
11/17/2010,96.06223297
11/18/2010,97.47610474
11/19/2010,97.74425507
11/22/2010,97.66300201
11/23/2010,96.24912262
11/24/2010,97.67112732
11/26/2010,96.53353119
11/29/2010,96.82605743
11/30/2010,96.28162384
12/1/2010,98.32930756
12/2/2010,99.58879089
12/3/2010,99.85694122
12/6/2010,99.75131226
12/7/2010,99.80818939
12/8/2010,100.1738434
12/9/2010,100.5638809
12/10/2010,101.1489334
12/13/2010,101.2139359
12/14/2010,101.3033218
12/15/2010,100.8401566
12/16/2010,101.425209
12/17/2010,101.5336609
12/20/2010,101.7787094
12/21/2010,102.4240112
12/22/2010,102.7425842
12/23/2010,102.5955505
12/27/2010,102.6363983
12/28/2010,102.7834244
12/29/2010,102.8569412
12/30/2010,102.693573
12/31/2010,102.7180786
1/3/2011,103.7799759
1/4/2011,103.7228012
1/5/2011,104.2619095
1/6/2011,104.0577011
1/7/2011,103.8534927
1/10/2011,103.7228012
1/11/2011,104.0903778
1/12/2011,105.029747
1/13/2011,104.8582077
1/14/2011,105.6178741
1/18/2011,105.7975845
1/19/2011,104.7601852
1/20/2011,104.6213226
1/21/2011,104.8582077
1/24/2011,105.4545135
1/25/2011,105.5116806
1/26/2011,105.920105
1/27/2011,106.1815033
1/28/2011,104.3272629
1/31/2011,105.1114273
2/1/2011,106.794136
2/2/2011,106.58992
2/3/2011,106.8267975
2/4/2011,107.1290283
2/7/2011,107.7988434
2/8/2011,108.2889557
2/9/2011,108.0438995
2/10/2011,108.0847473
2/11/2011,108.7300491
2/14/2011,108.9914322
2/15/2011,108.6483612
2/16/2011,109.3345184
2/17/2011,109.6612473
2/18/2011,109.8899612
2/22/2011,107.6844864
2/23/2011,107.02285
2/24/2011,106.9493256
2/25/2011,108.0929108
2/28/2011,108.7627182
3/1/2011,106.9493256
3/2/2011,107.1780472
3/3/2011,109.0241089
3/4/2011,108.2072678
3/7/2011,107.3577423
3/8/2011,108.2971191
3/9/2011,108.141922
3/10/2011,106.1406555
3/11/2011,106.8758087
3/14/2011,106.2305069
3/15/2011,105.0134048
3/16/2011,103.0693207
3/17/2011,104.4334488
3/18/2011,104.8135529
3/21/2011,106.4379349
3/22/2011,106.0687485
3/23/2011,106.3722992
3/24/2011,107.3895798
3/25/2011,107.7177505
3/28/2011,107.4552155
3/29/2011,108.1771698
3/30/2011,108.9237289
3/31/2011,108.7760468
4/1/2011,109.235466
4/4/2011,109.3257141
4/5/2011,109.3093109
4/6/2011,109.6538773
4/7/2011,109.3749466
4/8/2011,108.9975586
4/11/2011,108.6694107
4/12/2011,107.8572159
4/13/2011,107.8490143
4/14/2011,107.9310455
4/15/2011,108.3248291
4/18/2011,107.1106491
4/19/2011,107.7259445
4/20/2011,109.194458
4/21/2011,109.7523193
4/25/2011,109.6374664
4/26/2011,110.5809174
4/27/2011,111.3028641
4/28/2011,111.6638412
4/29/2011,111.9263611
5/2/2011,111.7540817
5/3/2011,111.3520889
5/4/2011,110.613739
5/5/2011,109.612854
5/6/2011,110.0968857
5/9/2011,110.5234909
5/10/2011,111.4669418
5/11/2011,110.2937851
5/12/2011,110.81884
5/13/2011,109.9656219
5/16/2011,109.2682953
5/17/2011,109.2518768
5/18/2011,110.2281494
5/19/2011,110.4906693
5/20/2011,109.612854
5/23/2011,108.3412399
5/24/2011,108.2509995
5/25/2011,108.6119766
5/26/2011,109.1124115
5/27/2011,109.5308151
5/31/2011,110.6711578
6/1/2011,108.1853638
6/2/2011,108.0705109
6/3/2011,106.9957962
6/6/2011,105.8636475
6/7/2011,105.798027
6/8/2011,105.355011
6/9/2011,106.158989
6/10/2011,104.6822891
6/13/2011,104.7643204
6/14/2011,106.0933685
6/15/2011,104.206459
6/16/2011,104.4361725
6/17/2011,104.7475052
6/20/2011,105.2834015
6/21/2011,106.7262039
6/22/2011,106.0831223
6/23/2011,105.7780762
6/24/2011,104.5496292
6/27/2011,105.4812698
6/28/2011,106.8581161
6/29/2011,107.7732697
6/30/2011,108.8038406
7/1/2011,110.4115372
7/5/2011,110.3208466
7/6/2011,110.4527588
7/7/2011,111.5987549
7/8/2011,110.8072739
7/11/2011,108.8038406
7/12/2011,108.3338928
7/13/2011,108.6966553
7/14/2011,107.9463959
7/15/2011,108.5729904
7/18/2011,107.682579
7/19/2011,109.4304276
7/20/2011,109.3644714
7/21/2011,110.881485
7/22/2011,110.9556808
7/25/2011,110.3373337
7/26/2011,109.9251099
7/27/2011,107.6743393
7/28/2011,107.3610382
7/29/2011,106.6272736
8/1/2011,106.1738129
8/2/2011,103.4613419
8/3/2011,104.0219803
8/4/2011,99.14942932
8/5/2011,99.00102234
8/8/2011,92.55375671
8/9/2011,96.85743713
8/10/2011,92.57849121
8/11/2011,96.73376465
8/12/2011,97.38508606
8/15/2011,99.44623566
8/16/2011,98.59703827
8/17/2011,98.66299438
8/18/2011,94.40879059
8/19/2011,92.86705017
8/22/2011,92.94125366
8/23/2011,95.99999237
8/24/2011,97.35211182
8/25/2011,95.86808014
8/26/2011,97.26141357
8/29/2011,100.0563354
8/30/2011,100.3201599
8/31/2011,100.7653656
9/1/2011,99.71006012
9/2/2011,97.16248322
9/6/2011,96.45344543
9/7/2011,99.17416382
9/8/2011,98.14358521
9/9/2011,95.5712738
9/12/2011,96.18962097
9/13/2011,97.07178497
9/14/2011,98.41565704
9/15/2011,100.1140442
9/16/2011,100.7065353
9/19/2011,99.70378113
9/20/2011,99.58776093
9/21/2011,96.65407562
9/22/2011,93.52978516
9/23/2011,94.09332275
9/26/2011,96.33087158
9/27/2011,97.40821838
9/28/2011,95.41927338
9/29/2011,96.17341614
9/30/2011,93.77011871
10/3/2011,91.10162354
10/4/2011,93.09884644
10/5/2011,94.82259369
10/6/2011,96.53805542
10/7/2011,95.89164734
10/10/2011,99.09881592
10/11/2011,99.19825745
10/12/2011,100.0684204
10/13/2011,99.86952972
10/14/2011,101.5766983
10/17/2011,99.63748169
10/18/2011,101.5849838
10/19/2011,100.3833313
10/20/2011,100.8225632
10/21/2011,102.736908
10/24/2011,103.9965668
10/25/2011,101.9744873
10/26/2011,103.0103912
10/27/2011,106.5987701
10/28/2011,106.5739059
10/31/2011,104.0048599
11/1/2011,101.1043243
11/2/2011,102.7534866
11/3/2011,104.6264038
11/4/2011,103.9882889
11/7/2011,104.6346893
11/8/2011,105.9772186
11/9/2011,102.0656433
11/10/2011,103.0269623
11/11/2011,104.9661789
11/14/2011,103.9717102
11/15/2011,104.4855194
11/16/2011,102.8280716
11/17/2011,101.1954803
11/18/2011,101.0877533
11/21/2011,99.16511536
11/22/2011,98.77561188
11/23/2011,96.59606171
11/25/2011,96.41374207
11/28/2011,99.20654297
11/29/2011,99.48831177
11/30/2011,103.5822067
12/1/2011,103.5656357
12/2/2011,103.474472
12/5/2011,104.6015396
12/6/2011,104.6346893
12/7/2011,105.0241928
12/8/2011,102.7203369
12/9/2011,104.4606552
12/12/2011,102.9358063
12/13/2011,101.9744873
12/14/2011,100.888855
12/15/2011,101.2534943
12/16/2011,101.4037247
12/19/2011,100.3195496
12/20/2011,103.3552399
12/21/2011,103.555397
12/22/2011,104.4727707
12/23/2011,105.4068298
12/27/2011,105.4902267
12/28/2011,104.1058273
12/29/2011,105.1816635
12/30/2011,104.6645889
1/3/2012,106.33255
1/4/2012,106.4993439
1/5/2012,106.7828979
1/6/2012,106.5076904
1/9/2012,106.7662277
1/10/2012,107.6919479
1/11/2012,107.7503204
1/12/2012,108.0088501
1/13/2012,107.4500809
1/17/2012,107.8670731
1/18/2012,109.0596695
1/19/2012,109.6351242
1/20/2012,110.0437622
1/23/2012,109.7602158
1/24/2012,109.6351242
1/25/2012,110.5524902
1/26/2012,109.9853897
1/27/2012,109.9353561
1/30/2012,109.560051
1/31/2012,109.518364
2/1/2012,110.4774399
2/2/2012,110.652565
2/3/2012,112.2037735
2/6/2012,112.1287155
2/7/2012,112.4122696
2/8/2012,112.7458649
2/9/2012,112.8876419
2/10/2012,112.0536575
2/13/2012,112.8876419
2/14/2012,112.7458649
2/15/2012,112.2204514
2/16/2012,113.463089
2/17/2012,113.7633209
2/21/2012,113.8133621
2/22/2012,113.4464035
2/23/2012,113.9468002
2/24/2012,114.1969833
2/27/2012,114.3888092
2/28/2012,114.7223969
2/29/2012,114.272049
3/1/2012,114.8641739
3/2/2012,114.5139008
3/5/2012,114.046875
3/6/2012,112.3789139
3/7/2012,113.1628571
3/8/2012,114.2887268
3/9/2012,114.7307434
3/12/2012,114.7390823
3/13/2012,116.8073502
3/14/2012,116.6822586
3/15/2012,117.3577805
3/16/2012,117.5201874
3/19/2012,117.9808884
3/20/2012,117.6374588
3/21/2012,117.444809
3/22/2012,116.5987854
3/23/2012,116.9757233
3/26/2012,118.6174927
3/27/2012,118.2489319
3/28/2012,117.66259
3/29/2012,117.4615479
3/30/2012,117.9473801
4/2/2012,118.8101425
4/3/2012,118.3243103
4/4/2012,117.1516266
4/5/2012,117.0929871
4/9/2012,115.7779083
4/10/2012,113.8345871
4/11/2012,114.7559891
4/12/2012,116.2553558
4/13/2012,114.8732605
4/16/2012,114.7978745
4/17/2012,116.4982758
4/18/2012,116.1045837
4/19/2012,115.3590927
4/20/2012,115.5517426
4/23/2012,114.5800858
4/24/2012,115.0156555
4/25/2012,116.590416
4/26/2012,117.4029236
4/27/2012,117.5955734
4/30/2012,117.1600037
5/1/2012,117.8887482
5/2/2012,117.5369492
5/3/2012,116.6406708
5/4/2012,114.7559891
5/7/2012,114.8397598
5/8/2012,114.3790588
5/9/2012,113.7005768
5/10/2012,113.935112
5/11/2012,113.5916824
5/14/2012,112.335228
5/15/2012,111.6902466
5/16/2012,111.2630539
5/17/2012,109.612915
5/18/2012,108.6747665
5/21/2012,110.5426865
5/22/2012,110.7353439
5/23/2012,110.7939835
5/24/2012,111.0117645
5/25/2012,110.6515884
5/29/2012,111.9917908
5/30/2012,110.3667831
5/31/2012,110.1238708
6/1/2012,107.3513031
6/4/2012,107.3010483
6/5/2012,108.1135559
6/6/2012,110.5426865
6/7/2012,110.6097031
6/8/2012,111.4892197
6/11/2012,110.073616
6/12/2012,111.3384399
6/13/2012,110.6264572
6/14/2012,111.7991409
6/15/2012,112.9427643
6/18/2012,113.1616745
6/19/2012,114.2562408
6/20/2012,114.0710068
6/21/2012,111.5114059
6/22/2012,112.370224
6/25/2012,110.5683975
6/26/2012,111.1240921
6/27/2012,112.1260452
6/28/2012,111.8060913
6/29/2012,114.5930405
7/2/2012,114.9382401
7/3/2012,115.6960297
7/5/2012,115.173996
7/6/2012,114.0794373
7/9/2012,113.9363022
7/10/2012,112.9427643
7/11/2012,112.9596024
7/12/2012,112.4123154
7/13/2012,114.2983475
7/16/2012,114.0289078
7/17/2012,114.8119507
7/18/2012,115.6623459
7/19/2012,115.9654541
7/20/2012,114.9045715
7/23/2012,113.7426376
7/24/2012,112.7659378
7/25/2012,112.791214
7/26/2012,114.6519775
7/27/2012,116.7653275
7/30/2012,116.7653275
7/31/2012,115.9486237
8/1/2012,115.84758
8/2/2012,115.0477066
8/3/2012,117.3294678
8/6/2012,117.5567932
8/7/2012,118.1461868
8/8/2012,118.2893219
8/9/2012,118.3903503
8/10/2012,118.5840073
8/13/2012,118.5250702
8/14/2012,118.5419006
8/15/2012,118.6766205
8/16/2012,119.5522842
8/17/2012,119.7122498
8/20/2012,119.7206802
8/21/2012,119.3586197
8/22/2012,119.4091492
8/23/2012,118.432457
8/24/2012,119.1481247
8/27/2012,119.1733856
8/28/2012,119.0555115
8/29/2012,119.1481247
8/30/2012,118.2893219
8/31/2012,118.8534393
9/4/2012,118.7439804
9/5/2012,118.642952
9/6/2012,121.0510025
9/7/2012,121.5225067
9/10/2012,120.832077
9/11/2012,121.1688766
9/12/2012,121.5730209
9/13/2012,123.4253693
9/14/2012,123.9726639
9/17/2012,123.5516739
9/18/2012,123.4506302
9/19/2012,123.5179901
9/20/2012,123.526413
9/21/2012,123.4751511
9/24/2012,123.2889252
9/25/2012,121.9768982
9/26/2012,121.2912445
9/27/2012,122.4339905
9/28/2012,121.8668518
10/1/2012,122.1885147
10/2/2012,122.3154831
10/3/2012,122.8149033
10/4/2012,123.6952362
10/5/2012,123.7036972
10/8/2012,123.2804642
10/9/2012,122.0615387
10/10/2012,121.2827835
10/11/2012,121.350502
10/12/2012,120.9526596
10/15/2012,121.9599686
10/16/2012,123.1958084
10/17/2012,123.7544861
10/18/2012,123.4328384
10/19/2012,121.3759003
10/22/2012,121.3928299
10/23/2012,119.7083435
10/24/2012,119.3697586
10/25/2012,119.7168045
10/26/2012,119.6490936
10/31/2012,119.6490936
11/1/2012,120.9018707
11/2/2012,119.8268509
11/5/2012,120.0723343
11/6/2012,121.0119171
11/7/2012,118.2693405
11/8/2012,116.8472595
11/9/2012,116.9488449
11/12/2012,117.041954
11/13/2012,116.6356354
11/14/2012,115.0611954
11/15/2012,114.8665085
11/16/2012,115.4336472
11/19/2012,117.7699203
11/20/2012,117.8207092
11/21/2012,118.0407867
11/23/2012,119.6490936
11/26/2012,119.3951492
11/27/2012,118.7856903
11/28/2012,119.7422104
11/29/2012,120.3008728
11/30/2012,120.3262634
12/3/2012,119.7337341
12/4/2012,119.5644455
12/5/2012,119.776062
12/6/2012,120.1823654
12/7/2012,120.5463562
12/10/2012,120.5971451
12/11/2012,121.4182205
12/12/2012,121.4774704
12/13/2012,120.7325821
12/14/2012,120.2839508
12/17/2012,121.6975632
12/18/2012,123.0519104
12/19/2012,122.1377182
12/20/2012,122.8402939
12/21/2012,121.7251129
12/24/2012,121.350029
12/26/2012,120.8385391
12/27/2012,120.6765671
12/28/2012,119.3722839
12/31/2012,121.4011765
1/2/2013,124.5127106
1/3/2013,124.2313919
1/4/2013,124.7769775
1/7/2013,124.4359894
1/8/2013,124.0779572
1/9/2013,124.393364
1/10/2013,125.3822403
1/11/2013,125.3737183
1/14/2013,125.2884674
1/15/2013,125.3737183
1/16/2013,125.3566666
1/17/2013,126.1665192
1/18/2013,126.4478378
1/22/2013,127.1298218
1/23/2013,127.334404
1/24/2013,127.368515
1/25/2013,128.0845947
1/28/2013,127.9311523
1/29/2013,128.4341125
1/30/2013,127.9311523
1/31/2013,127.6157227
2/1/2013,128.9285431
2/4/2013,127.4793243
2/5/2013,128.766571
2/6/2013,128.8603516
2/7/2013,128.6898499
2/8/2013,129.4059296
2/11/2013,129.3803558
2/12/2013,129.5934753
2/13/2013,129.7042847
2/14/2013,129.8236389
2/15/2013,129.6701965
2/19/2013,130.6420135
2/20/2013,129.0137939
2/21/2013,128.2295074
2/22/2013,129.4826508
2/25/2013,127.0189972
2/26/2013,127.8885269
2/27/2013,129.4997101
2/28/2013,129.2439575
3/1/2013,129.6701965
3/4/2013,130.3607025
3/5/2013,131.528595
3/6/2013,131.7076111
3/7/2013,131.9463043
3/8/2013,132.5089417
3/11/2013,133.0119019
3/12/2013,132.7135315
3/13/2013,132.9010773
3/14/2013,133.6086273
3/15/2013,133.4320068
3/18/2013,132.6956177
3/19/2013,132.3873596
3/20/2013,133.3121338
3/21/2013,132.1732941
3/22/2013,133.2350769
3/25/2013,132.6784973
3/26/2013,133.7402649
3/27/2013,133.7402649
3/28/2013,134.1512756
4/1/2013,133.6203918
4/2/2013,134.2797241
4/3/2013,132.9182434
4/4/2013,133.4577026
4/5/2013,132.8583069
4/8/2013,133.7574005
4/9/2013,134.2197723
4/10/2013,135.8638
4/11/2013,136.3090668
4/12/2013,135.9751282
4/15/2013,132.8240509
4/16/2013,134.7849121
4/17/2013,132.8154907
4/18/2013,131.9849243
4/19/2013,133.132309
4/22/2013,133.7231445
4/23/2013,135.1017303
4/24/2013,135.1873627
4/25/2013,135.7353668
4/26/2013,135.4956207
4/29/2013,136.4032593
4/30/2013,136.7286224
5/1/2013,135.5298615
5/2/2013,136.7885742
5/3/2013,138.1757202
5/6/2013,138.5267944
5/7/2013,139.2289429
5/8/2013,139.8625641
5/9/2013,139.468689
5/10/2013,139.9225159
5/13/2013,140.0338135
5/14/2013,141.4809113
5/15/2013,142.242981
5/16/2013,141.5751038
5/17/2013,142.9451294
5/20/2013,142.936554
5/21/2013,143.1420746
5/22/2013,142.0802917
5/23/2013,141.6692963
5/24/2013,141.549408
5/28/2013,142.3971252
5/29/2013,141.4723511
5/30/2013,141.9946747
5/31/2013,139.9567566
6/3/2013,140.7274017
6/4/2013,140.0509491
6/5/2013,138.0901031
6/6/2013,139.3402405
6/7/2013,141.1127167
6/10/2013,141.1127167
6/11/2013,139.657074
6/12/2013,138.5010986
6/13/2013,140.6075287
6/14/2013,139.7255554
6/17/2013,140.8044586
6/18/2013,141.9176178
6/19/2013,139.9567566
6/20/2013,136.4888763
6/21/2013,136.9270325
6/24/2013,135.1968231
6/25/2013,136.4966278
6/26/2013,137.8480835
6/27/2013,138.6572266
6/28/2013,138.0890961
7/1/2013,138.8982544
7/2/2013,138.7691345
7/3/2013,138.8293915
7/5/2013,140.327179
7/8/2013,141.1277161
7/9/2013,142.1434631
7/10/2013,142.1950989
7/11/2013,144.131897
7/12/2013,144.1921539
7/15/2013,144.7430573
7/16/2013,144.2007599
7/17/2013,144.5709076
7/18/2013,145.3628387
7/19/2013,145.6210785
7/22/2013,145.9051361
7/23/2013,145.5952454
7/24/2013,145.0615692
7/25/2013,145.4144745
7/26/2013,145.5694275
7/29/2013,145.1218109
7/30/2013,145.1218109
7/31/2013,145.2251129
8/1/2013,146.9036713
8/2/2013,147.1532898
8/5/2013,146.9380951
8/6/2013,146.1031189
8/7/2013,145.6296844
8/8/2013,146.1633759
8/9/2013,145.7415924
8/12/2013,145.5694275
8/13/2013,145.9998322
8/14/2013,145.250946
8/15/2013,143.2194519
8/16/2013,142.7460175
8/19/2013,141.8335724
8/20/2013,142.5308228
8/21/2013,141.6528015
8/22/2013,142.9440002
8/23/2013,143.4260406
8/26/2013,142.8923492
8/27/2013,140.5940247
8/28/2013,141.0932922
8/29/2013,141.3170929
8/30/2013,140.8694763
9/3/2013,141.5064697
9/4/2013,142.6771545
9/5/2013,142.8579254
9/6/2013,142.9267731
9/9/2013,144.2954559
9/10/2013,145.3628387
9/11/2013,145.8190613
9/12/2013,145.4317017
9/13/2013,145.7588043
9/16/2013,146.6023865
9/17/2013,147.2565918
9/18/2013,148.960968
9/19/2013,148.7113342
9/20/2013,147.6715698
9/23/2013,146.9882202
9/24/2013,146.6422272
9/25/2013,146.2183838
9/26/2013,146.7806244
9/27/2013,146.1059418
9/30/2013,145.3274384
10/1/2013,146.4778748
10/2/2013,146.3394775
10/3/2013,144.9900818
10/4/2013,146.0886383
10/7/2013,144.8257446
10/8/2013,143.1390076
10/9/2013,143.2428131
10/10/2013,146.3308258
10/11/2013,147.2736664
10/14/2013,147.8618774
10/15/2013,146.7892761
10/16/2013,148.8393097
10/17/2013,149.8340607
10/18/2013,150.8460999
10/21/2013,150.8547363
10/22/2013,151.7283936
10/23/2013,151.0018005
10/24/2013,151.503479
10/25/2013,152.1954803
10/28/2013,152.4376831
10/29/2013,153.2507782
10/30/2013,152.4895782
10/31/2013,152.0570831
11/1/2013,152.4203796
11/4/2013,152.9566803
11/5/2013,152.47229
11/6/2013,153.2507782
11/7/2013,151.3131866
11/8/2013,153.3545685
11/11/2013,153.3805237
11/12/2013,153.0691376
11/13/2013,154.2974243
11/14/2013,155.0672607
11/15/2013,155.7419586
11/18/2013,155.1970062
11/19/2013,154.8596649
11/20/2013,154.3752594
11/21/2013,155.6208649
11/22/2013,156.399353
11/25/2013,156.2436523
11/26/2013,156.2868958
11/27/2013,156.6674957
11/29/2013,156.5636902
12/2/2013,156.1571503
12/3/2013,155.4824524
12/4/2013,155.4651489
12/5/2013,154.7818146
12/6/2013,156.511795
12/9/2013,156.9096832
12/10/2013,156.3474426
12/11/2013,154.591507
12/12/2013,154.0811768
12/13/2013,154.0638733
12/16/2013,155.0240173
12/17/2013,154.5309601
12/18/2013,157.1691895
12/19/2013,156.9875488
12/20/2013,157.9009399
12/23/2013,158.7445374
12/24/2013,159.0924072
12/26/2013,159.9012299
12/27/2013,159.8925323
12/30/2013,159.8664398
12/31/2013,160.6230774
1/2/2014,159.0837097
1/3/2014,159.0576324
1/6/2014,158.5966949
1/7/2014,159.5707397
1/8/2014,159.6055298
1/9/2014,159.7098999
1/10/2014,160.1447449
1/13/2014,158.0140076
1/14/2014,159.7359772
1/15/2014,160.5969849
1/16/2014,160.3882446
1/17/2014,159.7098999
1/21/2014,160.1795197
1/22/2014,160.2838898
1/23/2014,158.9706573
1/24/2014,155.5788727
1/27/2014,154.8135376
1/28/2014,155.7354126
1/29/2014,154.2395477
1/30/2014,155.8745575
1/31/2014,154.96138
2/3/2014,151.4739227
2/4/2014,152.5349426
2/5/2014,152.3436127
2/6/2014,154.3526001
2/7/2014,156.2659149
2/10/2014,156.5529175
2/11/2014,158.2662048
2/12/2014,158.3444824
2/13/2014,159.1619873
2/14/2014,160.0403748
2/18/2014,160.23172
2/19/2014,159.1706848
2/20/2014,160.1099548
2/21/2014,159.9273224
2/24/2014,160.8144073
2/25/2014,160.7535248
2/26/2014,160.7622223
2/27/2014,161.6058197
2/28/2014,162.0145721
3/3/2014,160.8752747
3/4/2014,163.1364746
3/5/2014,163.284317
3/6/2014,163.6582794
3/7/2014,163.7278595
3/10/2014,163.6408997
3/11/2014,162.832077
3/12/2014,162.8755646
3/13/2014,161.0492096
3/14/2014,160.5969849
3/17/2014,162.0493622
3/18/2014,163.2060547
3/19/2014,162.3363647
3/20/2014,163.284317
3/21/2014,162.6506653
3/24/2014,161.9780426
3/25/2014,162.7467499
3/26/2014,161.5762329
3/27/2014,161.2355652
3/28/2014,162.0304718
3/31/2014,163.3582153
4/1/2014,164.4414063
4/2/2014,164.9917297
4/3/2014,164.7733459
4/4/2014,162.8253632
4/7/2014,161.0259094
4/8/2014,161.6897888
4/9/2014,163.4281006
4/10/2014,159.9907837
4/11/2014,158.5538177
4/14/2014,159.8030548
4/15/2014,160.9036102
4/16/2014,162.5851593
4/17/2014,162.8166351
4/21/2014,163.3844299
4/22/2014,164.1269226
4/23/2014,163.742569
4/24/2014,164.0745239
4/25/2014,162.7292786
4/28/2014,163.2402954
4/29/2014,164.0046387
4/30/2014,164.4938049
5/1/2014,164.5069122
5/2/2014,164.2754211
5/5/2014,164.5899048
5/6/2014,163.1573181
5/7/2014,164.1181946
5/8/2014,163.9391174
5/9/2014,164.1880798
5/12/2014,165.7822723
5/13/2014,165.9351349
5/14/2014,165.1489563
5/15/2014,163.6988983
5/16/2014,164.2666931
5/19/2014,164.8694305
5/20/2014,163.8299408
5/21/2014,165.2101135
5/22/2014,165.6119232
5/23/2014,166.2758179
5/27/2014,167.2978363
5/28/2014,167.1755371
5/29/2014,168.040329
5/30/2014,168.3111115
6/2/2014,168.4989319
6/3/2014,168.4159546
6/4/2014,168.7566223
6/5/2014,169.8572693
6/6/2014,170.6652832
6/9/2014,170.8443451
6/10/2014,170.8618317
6/11/2014,170.2678223
6/12/2014,169.0623474
6/13/2014,169.5777435
6/16/2014,169.7174988
6/17/2014,170.189209
6/18/2014,171.4339905
6/19/2014,171.6305237
6/20/2014,171.978714
6/23/2014,171.9260406
6/24/2014,170.8903351
6/25/2014,171.662735
6/26/2014,171.539856
6/27/2014,171.8733826
6/30/2014,171.785614
7/1/2014,172.9354095
7/2/2014,173.1109467
7/3/2014,173.962326
7/7/2014,173.3567047
7/8/2014,172.2420197
7/9/2014,173.0144043
7/10/2014,172.3297882
7/11/2014,172.5667725
7/14/2014,173.4357147
7/15/2014,173.1109467
7/16/2014,173.7516937
7/17/2014,171.7768402
7/18/2014,173.5321655
7/21/2014,173.2075043
7/22/2014,173.962326
7/23/2014,174.348526
7/24/2014,174.3572998
7/25/2014,173.5410309
7/28/2014,173.6112518
7/29/2014,172.8651886
7/30/2014,172.8915253
7/31/2014,169.4772186
8/1/2014,168.9593811
8/4/2014,170.1793976
8/5/2014,168.5292969
8/6/2014,168.5819702
8/7/2014,167.6691437
8/8/2014,169.6088867
8/11/2014,170.0960083
8/12/2014,169.8634186
8/13/2014,171.0132141
8/14/2014,171.8207092
8/15/2014,171.785614
8/18/2014,173.2250519
8/19/2014,174.1290894
8/20/2014,174.5942841
8/21/2014,175.103363
8/22/2014,174.8312683
8/25/2014,175.7177582
8/26/2014,175.8318634
8/27/2014,175.7616425
8/28/2014,175.6650848
8/29/2014,176.16539
9/2/2014,176.0776215
9/3/2014,175.9810638
9/4/2014,175.7266235
9/5/2014,176.5164642
9/8/2014,176.0600586
9/9/2014,174.9453735
9/10/2014,175.603653
9/11/2014,175.8055267
9/12/2014,174.7786102
9/15/2014,174.6478271
9/16/2014,175.9635162
9/17/2014,176.2005005
9/18/2014,177.1396484
9/19/2014,176.9801941
9/22/2014,175.6133881
9/23/2014,174.6081085
9/24/2014,175.9749298
9/25/2014,173.1354828
9/26/2014,174.5111084
9/29/2014,174.1936646
9/30/2014,173.7351227
10/1/2014,171.3806915
10/2/2014,171.407135
10/3/2014,173.29422
10/6/2014,173.0914001
10/7/2014,170.4194946
10/8/2014,173.4000397
10/9/2014,169.960968
10/10/2014,168.0209656
10/13/2014,165.260788
10/14/2014,165.5166016
10/15/2014,164.396698
10/16/2014,164.2556152
10/17/2014,166.1956024
10/20/2014,167.8093262
10/21/2014,171.1337738
10/22/2014,169.9168701
10/23/2014,171.8921204
10/24/2014,173.2148438
10/27/2014,172.9767609
10/28/2014,174.9608459
10/29/2014,174.6963043
10/30/2014,175.8162079
10/31/2014,177.8267517
11/3/2014,177.9237518
11/4/2014,177.3064728
11/5/2014,178.4263763
11/6/2014,179.1406403
11/7/2014,179.308197
11/10/2014,179.8725433
11/11/2014,180.0445099
11/12/2014,179.8549194
11/13/2014,180.0577393
11/14/2014,180.1018372
11/17/2014,180.2164612
11/18/2014,181.2570038
11/19/2014,180.9660034
11/20/2014,181.2834625
11/21/2014,182.2534485
11/24/2014,182.7649078
11/25/2014,182.6326294
11/26/2014,183.0999908
11/28/2014,182.7119904
12/1/2014,181.4421844
12/2/2014,182.6105957
12/3/2014,183.3204498
12/4/2014,183.11763
12/5/2014,183.41745
12/8/2014,182.1917267
12/9/2014,182.0682678
12/10/2014,179.1495514
12/11/2014,180.0577393
12/12/2014,177.1477509
12/15/2014,175.9308319
12/16/2014,174.5199432
12/17/2014,177.9413757
12/18/2014,182.341629
12/19/2014,183.1174164
12/22/2014,183.9597626
12/23/2014,184.2080383
12/24/2014,184.225769
12/26/2014,184.8198395
12/29/2014,185.0681152
12/30/2014,184.0750275
12/31/2014,182.2484589
1/2/2015,182.1509247
1/5/2015,178.8613434
1/6/2015,177.176651
1/7/2015,179.3844757
1/8/2015,182.5676727
1/9/2015,181.1046448
1/12/2015,179.6859589
1/13/2015,179.1805573
1/14/2015,178.0988007
1/15/2015,176.4672089
1/16/2015,178.7815399
1/20/2015,179.158371
1/21/2015,180.0672302
1/22/2015,182.7450104
1/23/2015,181.7430573
1/26/2015,182.1686554
1/27/2015,179.7657623
1/28/2015,177.4603882
1/29/2015,179.1009216
1/30/2015,176.8485718
2/2/2015,179.038681
2/3/2015,181.6277924
2/4/2015,180.9361725
2/5/2015,182.7627411
2/6/2015,182.2573395
2/9/2015,181.4415894
2/10/2015,183.3745422
2/11/2015,183.4809418
2/12/2015,185.2454529
2/13/2015,186.0079956
2/17/2015,186.3005981
2/18/2015,186.3183441
2/19/2015,186.1853333
2/20/2015,187.3016663
2/23/2015,187.2750549
2/24/2015,187.8079529
2/25/2015,187.6483612
2/26/2015,187.4266815
2/27/2015,186.7882843
3/2/2015,187.9675598
3/3/2015,187.1961365
3/4/2015,186.4070892
3/5/2015,186.6109467
3/6/2015,183.9863586
3/9/2015,184.7489014
3/10/2015,181.7519226
3/11/2015,181.3263245
3/12/2015,183.6316986
3/13/2015,182.5031128
3/16/2015,184.943985
3/17/2015,184.3942413
3/18/2015,186.6109467
3/19/2015,185.7597198
3/20/2015,187.3992157
3/23/2015,187.0340576
3/24/2015,185.9831085
3/25/2015,183.2577362
3/26/2015,182.8213348
3/27/2015,183.2399445
3/30/2015,185.4754333
3/31/2015,183.8544617
4/1/2015,183.2042999
4/2/2015,183.8589325
4/6/2015,185.1013641
4/7/2015,184.6115112
4/8/2015,185.2305145
4/9/2015,186.0543518
4/10/2015,187.0696716
4/13/2015,186.2235718
4/14/2015,186.579834
4/15/2015,187.4170227
4/16/2015,187.3635864
4/17/2015,185.2082367
4/20/2015,186.9004669
4/21/2015,186.6778107
4/22/2015,187.5951538
4/23/2015,188.0671997
4/24/2015,188.5035248
4/27/2015,187.7198486
4/28/2015,188.3165741
4/29/2015,187.5417175
4/30/2015,185.6624756
5/1/2015,187.6753082
5/4/2015,188.2097015
5/5/2015,186.0543518
5/6/2015,185.2883911
5/7/2015,186.0276337
5/8/2015,188.4768829
5/11/2015,187.5728912
5/12/2015,187.0162354
5/13/2015,187.0518646
5/14/2015,189.0023651
5/15/2015,189.2072144
5/18/2015,189.7950439
5/19/2015,189.7326813
5/20/2015,189.5990906
5/21/2015,190.1512909
5/22/2015,189.6970673
5/26/2015,187.6575012
5/27/2015,189.4387817
5/28/2015,189.2250366
5/29/2015,188.0493774
6/1/2015,188.4323578
6/2/2015,188.2453156
6/3/2015,188.7440796
6/4/2015,187.1491241
6/5/2015,186.8292084
6/8/2015,185.6802826
6/9/2015,185.6535645
6/10/2015,187.8801575
6/11/2015,188.4857941
6/12/2015,187.0429535
6/15/2015,186.2413788
6/16/2015,187.2567139
6/17/2015,187.5595245
6/18/2015,189.510025
6/19/2015,188.6688232
6/22/2015,189.6353912
6/23/2015,189.7696381
6/24/2015,188.3913879
6/25/2015,187.8186035
6/26/2015,187.7828064
6/29/2015,183.8449249
6/30/2015,184.2297821
7/1/2015,185.7064667
7/2/2015,185.5364227
7/6/2015,185.0083923
7/7/2015,186.1718597
7/8/2015,183.0484009
7/9/2015,183.3795471
7/10/2015,185.6885681
7/13/2015,187.7380676
7/14/2015,188.552475
7/15/2015,188.4898376
7/16/2015,190.0023346
7/17/2015,190.1634216
7/20/2015,190.2618713
7/21/2015,189.5101013
7/22/2015,189.1700134
7/23/2015,188.1049957
7/24/2015,186.1539612
7/27/2015,185.0710449
7/28/2015,187.3442688
7/29/2015,188.6330261
7/30/2015,188.6777802
7/31/2015,188.3913879
8/3/2015,187.7559509
8/4/2015,187.3890228
8/5/2015,188.0065613
8/6/2015,186.4672089
8/7/2015,186.1092072
8/10/2015,188.4540405
8/11/2015,186.7535858
8/12/2015,186.9773254
8/13/2015,186.7446442
8/14/2015,187.4248199
8/17/2015,188.4719238
8/18/2015,187.9259949
8/19/2015,186.4403534
8/20/2015,182.547226
8/21/2015,177.0521088
8/24/2015,169.5970001
8/25/2015,167.6012115
8/26/2015,174.0360565
8/27/2015,178.3408661
8/28/2015,178.3498077
8/31/2015,176.908905
9/1/2015,171.6285858
9/2/2015,174.8862762
9/3/2015,175.0115662
9/4/2015,172.3624573
9/8/2015,176.6941071
9/9/2015,174.3313904
9/10/2015,175.2800598
9/11/2015,176.0765839
9/14/2015,175.4232483
9/15/2015,177.6159363
9/16/2015,179.1552734
9/17/2015,178.7525482
9/18/2015,175.8318481
9/21/2015,176.7404785
9/22/2015,174.4464264
9/23/2015,174.1675415
9/24/2015,173.537796
9/25/2015,173.4928284
9/28/2015,169.1386261
9/29/2015,169.2375793
9/30/2015,172.3952789
10/1/2015,172.8450928
10/2/2015,175.4270172
10/5/2015,178.5487213
10/6/2015,177.9369659
10/7/2015,179.3943634
10/8/2015,181.0137024
10/9/2015,181.1216431
10/12/2015,181.292572
10/13/2015,180.1500549
10/14/2015,179.2864075
10/15/2015,182.0392761
10/16/2015,182.8669281
10/19/2015,182.9568787
10/20/2015,182.7229767
10/21/2015,181.5894623
10/22/2015,184.6571655
10/23/2015,186.6813354
10/26/2015,186.2225189
10/27/2015,185.8626862
10/28/2015,187.9767914
10/29/2015,187.8688354
10/30/2015,187.0591736
11/2/2015,189.2722473
11/3/2015,189.8210297
11/4/2015,189.2452698
11/5/2015,189.0563354
11/6/2015,188.9573822
11/9/2015,187.1941223
11/10/2015,187.6259308
11/11/2015,186.8882446
11/12/2015,184.2793274
11/13/2015,182.2101898
11/16/2015,184.9810333
11/17/2015,184.8460999
11/18/2015,187.7788696
11/19/2015,187.6169434
11/20/2015,188.3013916
11/23/2015,188.0847626
11/24/2015,188.3366547
11/25/2015,188.3096619
11/27/2015,188.5255585
11/30/2015,187.7428894
12/1/2015,189.5331421
12/2/2015,187.598053
12/3/2015,184.9720459
12/4/2015,188.5795441
12/7/2015,187.437027
12/8/2015,186.176651
12/9/2015,184.7291412
12/10/2015,185.2059479
12/11/2015,181.6164398
12/14/2015,182.5347748
12/15/2015,184.4509888
12/16/2015,187.1491394
12/17/2015,184.2973328
12/18/2015,181.0143738
12/21/2015,182.5068665
12/22/2015,184.1629791
12/23/2015,186.4435272
12/24/2015,186.1358337
12/28/2015,185.710495
12/29/2015,187.6923828
12/30/2015,186.3620758
12/31/2015,184.497818
1/4/2016,181.9179077
1/5/2016,182.2263336
1/6/2016,179.9276886
1/7/2016,175.6109467
1/8/2016,173.6860504
1/11/2016,173.8552856
1/12/2016,175.258728
1/13/2016,170.8869629
1/14/2016,173.6923828
1/15/2016,169.9638824
1/19/2016,170.1901245
1/20/2016,168.0091248
1/21/2016,168.9503021
1/22/2016,172.4163666
1/25/2016,169.8100281
1/26/2016,172.12677
1/27/2016,170.253479
1/28/2016,171.1403503
1/29/2016,175.3130188
2/1/2016,175.2489471
2/2/2016,172.0905762
2/3/2016,173.1222534
2/4/2016,173.3937531
2/5/2016,170.0905762
2/8/2016,167.8009796
2/9/2016,167.8100281
2/10/2016,167.6652374
2/11/2016,165.4842377
2/12/2016,168.8960114
2/16/2016,171.7466888
2/17/2016,174.552124
2/18/2016,173.8371887
2/19/2016,173.7557373
2/22/2016,176.2715759
2/23/2016,174.0453339
2/24/2016,174.8417053
2/25/2016,176.9593506
2/26/2016,176.5513916
2/29/2016,175.1674957
3/1/2016,179.2851563
3/2/2016,180.0905762
3/3/2016,180.7919312
3/4/2016,181.3846893
3/7/2016,181.5294952
3/8/2016,179.5475922
3/9/2016,180.4344788
3/10/2016,180.5792694
3/11/2016,183.4932861
3/14/2016,183.2580109
3/15/2016,182.9593658
3/16/2016,184.0181885
3/17/2016,185.1856079
3/18/2016,185.9129639
3/21/2016,186.1767578
3/22/2016,186.0766907
3/23/2016,184.8479462
3/24/2016,184.7667999
3/28/2016,184.8759613
3/29/2016,186.5868225
3/30/2016,187.4047699
3/31/2016,186.9499512
4/1/2016,188.2234497
4/4/2016,187.6139832
4/5/2016,185.7393951
4/6/2016,187.768631
4/7/2016,185.5218048
4/8/2016,186.0213928
4/11/2016,185.5855713
4/12/2016,187.3138123
4/13/2016,189.2065887
4/14/2016,189.2149658
4/15/2016,189.0057373
4/18/2016,190.3330994
4/19/2016,190.9341888
4/20/2016,191.1161194
4/21/2016,190.0882263
4/22/2016,190.0882263
4/25/2016,189.7607574
4/26/2016,190.0420227
4/27/2016,190.4338837
4/28/2016,188.7032776
4/29/2016,187.6874847
5/2/2016,189.1785736
5/3/2016,187.5313873
5/4/2016,186.4860229
5/5/2016,186.449646
5/6/2016,187.1318817
5/9/2016,187.2857971
5/10/2016,189.6152039
5/11/2016,187.8414001
5/12/2016,187.8959808
5/13/2016,186.2586212
5/16/2016,188.0960999
5/17/2016,186.341217
5/18/2016,186.3950653
5/19/2016,185.7492218
5/20/2016,186.9226685
5/23/2016,186.6679688
5/24/2016,189.087616
5/25/2016,190.3702087
5/26/2016,190.4247894
5/27/2016,191.2434692
5/31/2016,190.8796082
6/1/2016,191.2707672
6/2/2016,191.8529358
6/3/2016,191.2798462
6/6/2016,192.2531738
6/7/2016,192.5533447
6/8/2016,193.1809998
6/9/2016,192.9172211
6/10/2016,191.0888367
6/13/2016,189.6144867
6/14/2016,189.2422485
6/15/2016,188.9784546
6/16/2016,189.5424347
6/17/2016,188.8369446
6/20/2016,190.0530701
6/21/2016,190.5925598
6/22/2016,190.281662
6/23/2016,192.759613
6/24/2016,185.7372131
6/27/2016,182.5094757
6/28/2016,185.8009491
6/29/2016,188.9649658
6/30/2016,191.5389404
7/1/2016,191.9465637
7/5/2016,190.5651245
7/6/2016,191.7080994
7/7/2016,191.585556
7/8/2016,194.4420624
7/11/2016,195.1278534
7/12/2016,196.5451355
7/13/2016,196.5177002
7/14/2016,197.6149597
7/15/2016,197.3497925
7/18/2016,197.8793945
7/19/2016,197.6789703
7/20/2016,198.497345
7/21/2016,197.7475433
7/22/2016,198.6390686
7/25/2016,198.0995789
7/26/2016,198.1910095
7/27/2016,197.9807129
7/28/2016,198.2093048
7/29/2016,198.5293274
8/1/2016,198.3647461
8/2/2016,197.0930328
8/3/2016,197.6698151
8/4/2016,197.8798523
8/5/2016,199.4985657
8/8/2016,199.3796997
8/9/2016,199.4985657
8/10/2016,199.0048065
8/11/2016,199.9283295
8/12/2016,199.7546082
8/15/2016,200.330658
8/16/2016,199.2974091
8/17/2016,199.6723022
8/18/2016,200.1203461
8/19/2016,199.8277435
8/22/2016,199.8186035
8/23/2016,200.220932
8/24/2016,199.1968384
8/25/2016,199.0596771
8/26/2016,198.6847687
8/29/2016,199.6638794
8/30/2016,199.3339844
8/31/2016,198.7670746
9/1/2016,198.7762146
9/2/2016,199.6723022
9/6/2016,200.276535
9/7/2016,200.2575073
9/8/2016,199.8003082
9/9/2016,195.0181274
9/12/2016,197.8161163
9/13/2016,194.9724121
9/14/2016,194.8992615
9/15/2016,196.8468781
9/16/2016,196.0860138
9/19/2016,196.1227875
9/20/2016,196.1319733
9/21/2016,198.3375702
9/22/2016,199.5873871
9/23/2016,198.4937897
9/26/2016,196.8855438
9/27/2016,198.1078186
9/28/2016,199.0911255
9/29/2016,197.2899017
9/30/2016,198.7786713
10/3/2016,198.3007965
10/4/2016,197.2899017
10/5/2016,198.1629486
10/6/2016,198.3007965
10/7/2016,197.6207275
10/10/2016,198.6500244
10/11/2016,196.1411591
10/12/2016,196.3984833
10/13/2016,195.7551727
10/14/2016,195.8562622
10/17/2016,195.1762238
10/18/2016,196.3984833
10/19/2016,196.9223022
10/20/2016,196.554718
10/21/2016,196.6466064
10/24/2016,197.4828949
10/25/2016,196.8212128
10/26/2016,196.4260559
10/27/2016,195.9022217
10/28/2016,195.3232422
10/31/2016,195.3324432
11/1/2016,193.9171906
11/2/2016,192.7500763
11/3/2016,191.8678284
11/4/2016,191.6564636
11/7/2016,195.8838348
11/8/2016,196.7660828
11/9/2016,198.8514557
11/10/2016,199.3484497
11/11/2016,198.8889465
11/14/2016,199.0451813
11/15/2016,200.5982819
11/16/2016,200.2214966
11/17/2016,201.2507782
11/18/2016,200.8004608
11/21/2016,202.316803
11/22/2016,202.7119751
11/23/2016,202.8222504
11/25/2016,203.5758362
11/28/2016,202.6200714
11/29/2016,203.0152435
11/30/2016,202.528183
12/1/2016,201.7837982
12/2/2016,201.8848724
12/5/2016,203.0979462
12/6/2016,203.7412415
12/7/2016,206.4063416
12/8/2016,206.9117737
12/9/2016,208.1616058
12/12/2016,207.9226837
12/13/2016,209.3103485
12/14/2016,207.5826569
12/15/2016,208.4373169
12/16/2016,208.0295715
12/19/2016,208.4825439
12/20/2016,209.2867737
12/21/2016,208.7044067
12/22/2016,208.3438873
12/23/2016,208.648941
12/27/2016,209.1666107
12/28/2016,207.4379578
12/29/2016,207.3917542
12/30/2016,206.633728
1/3/2017,208.2144775
1/4/2017,209.453186
1/5/2017,209.2867737
1/6/2017,210.0355682
1/9/2017,209.3422546
1/10/2017,209.3422546
1/11/2017,209.9338837
1/12/2017,209.4069519
1/13/2017,209.8876495
1/17/2017,209.1481171
1/18/2017,209.6103363
1/19/2017,208.8338318
1/20/2017,209.6010895
1/23/2017,209.0556793
1/24/2017,210.3960876
1/25/2017,212.2171783
1/26/2017,211.9953156
1/27/2017,211.6625214
1/30/2017,210.3498688
1/31/2017,210.3313751
2/1/2017,210.414566
2/2/2017,210.5532379
2/3/2017,212.0045471
2/6/2017,211.6255341
2/7/2017,211.6347961
2/8/2017,211.9121246
2/9/2017,213.1693268
2/10/2017,214.0105286
2/13/2017,215.175293
2/14/2017,216.0349884
2/15/2017,217.1627655
2/16/2017,216.97789
2/17/2017,217.3199158
2/21/2017,218.6141052
2/22/2017,218.4199677
2/23/2017,218.5678864
2/24/2017,218.8451996
2/27/2017,219.1872406
2/28/2017,218.5956116
3/1/2017,221.6554108
3/2/2017,220.259552
3/3/2017,220.3982086
3/6/2017,219.7418823
3/7/2017,219.0855408
3/8/2017,218.6788025
3/9/2017,218.956131
3/10/2017,219.7233887
3/13/2017,219.8343201
3/14/2017,218.993103
3/15/2017,220.8881531
3/16/2017,220.4536743
3/17/2017,220.0666351
3/20/2017,219.8252411
3/21/2017,217.0027924
3/22/2017,217.513443
3/23/2017,217.2813263
3/24/2017,217.1234894
3/27/2017,216.9006653
3/28/2017,218.4790192
3/29/2017,218.6832581
3/30/2017,219.3795776
3/31/2017,218.8689575
4/3/2017,218.4882965
4/4/2017,218.6275482
4/5/2017,217.9776459
4/6/2017,218.5904236
4/7/2017,218.3675995
4/10/2017,218.4975739
4/11/2017,218.2376099
4/12/2017,217.2813263
4/13/2017,215.8701019
4/17/2017,217.7826843
4/18/2017,217.132782
4/19/2017,216.733551
4/20/2017,218.4975739
4/21/2017,217.8012543
4/24/2017,220.1966095
4/25/2017,221.4778442
4/26/2017,221.3385773
4/27/2017,221.5242767
4/28/2017,221.0414886
5/1/2017,221.5985413
5/2/2017,221.6821136
5/3/2017,221.4128571
5/4/2017,221.672821
5/5/2017,222.5455475
5/8/2017,222.5084076
5/9/2017,222.3041534
5/10/2017,222.7033691
5/11/2017,222.2484589
5/12/2017,221.8770752
5/15/2017,223.1026154
5/16/2017,222.8983612
5/17/2017,218.9432373
5/18/2017,219.8252411
5/19/2017,221.2550201
5/22/2017,222.3784332
5/23/2017,222.8704987
5/24/2017,223.3904266
5/25/2017,224.4581146
5/26/2017,224.4117126
5/30/2017,224.2167206
5/31/2017,224.161026
6/1/2017,225.9436188
6/2/2017,226.6956482
6/5/2017,226.5285339
6/6/2017,225.8043518
6/7/2017,226.2221527
6/8/2017,226.3335571
6/9/2017,225.990036
6/12/2017,225.9436188
6/13/2017,227.0484467
6/14/2017,226.7606354
6/15/2017,226.3242798
6/16/2017,226.3738098
6/19/2017,228.2583923
6/20/2017,226.7190094
6/21/2017,226.6630249
6/22/2017,226.5603943
6/23/2017,226.8309631
6/26/2017,226.9802246
6/27/2017,225.1516418
6/28/2017,227.1668396
6/29/2017,225.1703033
6/30/2017,225.5901337
7/3/2017,225.972641
7/5/2017,226.4951019
7/6/2017,224.4239197
7/7/2017,225.8793488
7/10/2017,226.1219025
7/11/2017,225.9539795
7/12/2017,227.6519623
7/13/2017,228.0344849
7/14/2017,229.098053
7/17/2017,229.0700684
7/18/2017,229.1913605
7/19/2017,230.4322052
7/20/2017,230.5348206
7/21/2017,230.3295746
7/24/2017,230.2736053
7/25/2017,230.833374
7/26/2017,230.8426971
7/27/2017,230.6281128
7/28/2017,230.3575592
7/31/2017,230.226944
8/1/2017,230.7400818
8/2/2017,230.8520355
8/3/2017,230.4042206
8/4/2017,230.8240509
8/7/2017,231.2532043
8/8/2017,230.6840973
8/9/2017,230.6747589
8/10/2017,227.4187317
8/11/2017,227.7545929
8/14/2017,230.0123596
8/15/2017,229.984375
8/16/2017,230.3855438
8/17/2017,226.7936401
8/18/2017,226.4391327
8/21/2017,226.6163788
8/22/2017,228.9861145
8/23/2017,228.1651001
8/24/2017,227.633316
8/25/2017,228.1651001
8/28/2017,228.1744385
8/29/2017,228.4356689
8/30/2017,229.5178833
8/31/2017,230.8986816
9/1/2017,231.2252045
9/5/2017,229.5645447
9/6/2017,230.3482208
9/7/2017,230.3202362
9/8/2017,230.0496826
9/11/2017,232.5033722
9/12/2017,233.2870636
9/13/2017,233.3990173
9/14/2017,233.3243713
9/15/2017,233.6380768
9/18/2017,234.1349945
9/19/2017,234.3693848
9/20/2017,234.4537659
9/21/2017,233.825592
9/22/2017,233.872467
9/25/2017,233.3942871
9/26/2017,233.5349274
9/27/2017,234.444397
9/28/2017,234.7256775
9/29/2017,235.5507507
10/2/2017,236.5727386
10/3/2017,237.0790253
10/4/2017,237.3603058
10/5/2017,238.7666931
10/6/2017,238.4947815
10/9/2017,238.1009979
10/10/2017,238.7291718
10/11/2017,239.1042175
10/12/2017,238.7479401
10/13/2017,239.0385895
10/16/2017,239.3573608
10/17/2017,239.5261383
10/18/2017,239.7605286
10/19/2017,239.8261566
10/20/2017,241.0637665
10/23/2017,240.1261749
10/24/2017,240.548111
10/25/2017,239.3573608
10/26/2017,239.6667633
10/27/2017,241.6263275
10/30/2017,240.7262421
10/31/2017,241.1012726
11/1/2017,241.4200592
11/2/2017,241.5138245
11/3/2017,242.3201599
11/6/2017,242.6951904
11/7/2017,242.5264282
11/8/2017,242.9389496
11/9/2017,242.0576324
11/10/2017,241.9826202
11/13/2017,242.2076263
11/14/2017,241.6450958
11/15/2017,240.4355927
11/16/2017,242.479538
11/17/2017,241.7669525
11/20/2017,242.1795044
11/21/2017,243.7640381
11/22/2017,243.5484009
11/24/2017,244.1109314
11/27/2017,243.9890747
11/28/2017,246.4642944
11/29/2017,246.31427
11/30/2017,248.4707489
12/1/2017,247.9550629
12/4/2017,247.6550598
12/5/2017,246.764328
12/6/2017,246.811203
12/7/2017,247.5894165
12/8/2017,248.9395447
12/11/2017,249.6896057
12/12/2017,250.1302795
12/13/2017,250.1021423
12/14/2017,249.0801849
12/15/2017,251.1546936
12/18/2017,252.7473145
12/19/2017,251.7766724
12/20/2017,251.6447144
12/21/2017,252.1630249
12/22/2017,252.0970764
12/26/2017,251.7955017
12/27/2017,251.9180145
12/28/2017,252.4363251
12/29/2017,251.4844971
1/2/2018,253.2844543
1/3/2018,254.8865204
1/4/2018,255.9608307
1/5/2018,257.6665649
1/8/2018,258.1377563
1/9/2018,258.7220459
1/10/2018,258.3262024
1/11/2018,260.2109985
1/12/2018,261.9072876
1/16/2018,261.0120239
1/17/2018,263.4999084
1/18/2018,263.0570068
1/19/2018,264.2538147
1/22/2018,266.4024658
1/23/2018,266.9678955
1/24/2018,266.8641968
1/25/2018,266.9772949
1/26/2018,270.0682983
1/29/2018,268.2778015
1/30/2018,265.5260315
1/31/2018,265.657959
2/1/2018,265.3563843
2/2/2018,259.5795898
2/5/2018,248.7233276
2/6/2018,253.6237335
2/7/2018,252.2478638
2/8/2018,242.7863159
2/9/2018,246.4333344
2/12/2018,250.0520935
2/13/2018,250.6740723
2/14/2018,254.0572205
2/15/2018,257.2990112
2/16/2018,257.3743896
2/20/2018,255.7629395
2/21/2018,254.4907074
2/22/2018,254.8205414
2/23/2018,258.8822327
2/26/2018,261.8884277
2/27/2018,258.6183472
2/28/2018,255.9985352
3/1/2018,252.276123
3/2/2018,253.5765991
3/5/2018,256.5074158
3/6/2018,257.1576843
3/7/2018,257.0634155
3/8/2018,258.307373
3/9/2018,262.8025513
3/12/2018,262.4726868
3/13/2018,260.7764282
3/14/2018,259.4382324
3/15/2018,259.1555176
3/16/2018,259.4363098
3/19/2018,255.9260559
3/20/2018,256.3612976
3/21/2018,255.8692932
3/22/2018,249.4732819
3/23/2018,244.1558533
3/26/2018,250.8357239
3/27/2018,246.568573
3/28/2018,245.8400116
3/29/2018,248.9812622
4/2/2018,243.6071014
4/3/2018,246.7294006
4/4/2018,249.3691864
4/5/2018,251.3372192
4/6/2018,245.7359467
4/9/2018,246.9470367
4/10/2018,250.8735809
4/11/2018,249.5584412
4/12/2018,251.6115875
4/13/2018,250.8735809
4/16/2018,252.936203
4/17/2018,255.6422272
4/18/2018,255.8314667
4/19/2018,254.4122314
4/20/2018,252.2549591
4/23/2018,252.2171326
4/24/2018,248.8204346
4/25/2018,249.4354248
4/26/2018,251.9711304
4/27/2018,252.2076721
4/30/2018,250.2680511
5/1/2018,250.7127533
5/2/2018,249.028595
5/3/2018,248.4797974
5/4/2018,251.6967316
5/7/2018,252.5482941
5/8/2018,252.5482941
5/9/2018,254.9893646
5/10/2018,257.3736877
5/11/2018,258.1589966
5/14/2018,258.2820129
5/15/2018,256.5032349
5/16/2018,257.5818176
5/17/2018,257.3642273
5/18/2018,256.7208252
5/21/2018,258.651001
5/22/2018,257.9319153
5/23/2018,258.64151
5/24/2018,258.1116638
5/25/2018,257.4966736
5/29/2018,254.535202
5/30/2018,257.9319153
5/31/2018,256.3518372
6/1/2018,258.8686218
6/4/2018,260.0986023
6/5/2018,260.2878418
6/6/2018,262.4640198
6/7/2018,262.4356079
6/8/2018,263.2114868
6/11/2018,263.561554
6/12/2018,263.9021912
6/13/2018,263.0600891
6/14/2018,263.7224121
6/15/2018,263.3855591
6/18/2018,262.843811
6/19/2018,261.8363953
6/20/2018,262.2830811
6/21/2018,260.6388855
6/22/2018,261.1140747
6/25/2018,257.5595703
6/26/2018,258.1298218
6/27/2018,255.9914093
6/28/2018,257.4550476
6/29/2018,257.8256836
7/2/2018,258.3769226
7/3/2018,257.4645386
7/5/2018,259.5649109
7/6/2018,261.760376
7/9/2018,264.1173706
7/10/2018,265.0677795
7/11/2018,263.1289368
7/12/2018,265.5144653
7/13/2018,265.7235413
7/16/2018,265.4859314
7/17/2018,266.559906
7/18/2018,267.120636
7/19/2018,266.1132202
7/20/2018,265.809082
7/23/2018,266.3033142
7/24/2018,267.6433411
7/25/2018,269.9243469
7/26/2018,269.2875671
7/27/2018,267.4627991
7/30/2018,266.0657043
7/31/2018,267.3772278
8/1/2018,266.930542
8/2/2018,268.3847046
8/3/2018,269.534668
8/6/2018,270.5231018
8/7/2018,271.4164734
8/8/2018,271.3024292
8/9/2018,270.9317627
8/10/2018,269.1164856
8/13/2018,268.1090698
8/14/2018,269.8197937
8/15/2018,267.8049316
8/16/2018,269.9718628
8/17/2018,270.9222717
8/20/2018,271.5020142
8/21/2018,272.1387634
8/22/2018,271.9772339
8/23/2018,271.6160583
8/24/2018,273.2507629
8/27/2018,275.4081726
8/28/2018,275.5412292
8/29/2018,277.0238647
8/30/2018,275.9023743
8/31/2018,275.9118958
9/4/2018,275.436676
9/5/2018,274.6953735
9/6/2018,273.8685303
9/7/2018,273.3363037
9/10/2018,273.8114929
9/11/2018,274.7143555
9/12/2018,274.7809143
9/13/2018,276.4060974
9/14/2018,276.4536133
9/17/2018,274.9899902
9/18/2018,276.4821167
9/19/2018,276.7767639
9/20/2018,279.0196838
9/21/2018,278.7644348
9/24/2018,277.8383484
9/25/2018,277.5805969
9/26/2018,276.75
9/27/2018,277.5233154
9/28/2018,277.5519714
10/1/2018,278.5162354
10/2/2018,278.3539124
10/3/2018,278.5066528
10/4/2018,276.3299255
10/5/2018,274.7833252
10/8/2018,274.7833252
10/9/2018,274.3823242
10/10/2018,265.694519
10/11/2018,259.8421936
10/12/2018,263.4509583
10/15/2018,261.9711609
10/16/2018,267.6994019
10/17/2018,267.7471313
10/18/2018,263.8805847
10/19/2018,263.7373657
10/22/2018,262.5535583
10/23/2018,261.2169495
10/24/2018,253.3024445
10/25/2018,257.8468323
10/26/2018,253.3119812
10/29/2018,251.9085541
10/30/2018,255.6414642
10/31/2018,258.3719177
11/1/2018,261.1214905
11/2/2018,259.5748596
11/5/2018,261.0069275
11/6/2018,262.6585388
11/7/2018,268.2817688
11/8/2018,267.7948608
11/9/2018,265.1789856
11/12/2018,260.2240601
11/13/2018,259.7371521
11/14/2018,257.9614258
11/15/2018,260.653656
11/16/2018,261.3315125
11/19/2018,256.9112244
11/20/2018,252.1567841
11/21/2018,253.0160217
11/23/2018,251.3262024
11/26/2018,255.3836975
11/27/2018,256.2429199
11/28/2018,262.1430054
11/29/2018,261.5701904
11/30/2018,263.1645508
12/3/2018,266.6492004
12/4/2018,258.0091248
12/6/2018,257.6177063
12/7/2018,251.6317139
12/10/2018,252.1090698
12/11/2018,252.1663513
12/12/2018,253.4360962
12/13/2018,253.350174
12/14/2018,248.6721191
12/17/2018,243.7935791
12/18/2018,243.5262604
12/19/2018,239.8792725
12/20/2018,235.9745331
12/21/2018,231.1399231
12/24/2018,225.0325317
12/26/2018,236.4022675
12/27/2018,238.2172089
12/28/2018,237.9099121
12/31/2018,239.9937286
1/2/2019,240.2433929
1/3/2019,234.5105286
1/4/2019,242.3656311
1/7/2019,244.2765961
1/8/2019,246.5716553
1/9/2019,247.723999
1/10/2019,248.5978699
1/11/2019,248.6938934
1/14/2019,247.1766357
1/15/2019,250.0094757
1/16/2019,250.6144562
1/17/2019,252.5158081
1/18/2019,255.8767853
1/22/2019,252.4197693
1/23/2019,252.947937
1/24/2019,253.0823669
1/25/2019,255.2238007
1/28/2019,253.2840424
1/29/2019,252.947937
1/30/2019,256.952301
1/31/2019,259.2089539
2/1/2019,259.3338013
2/4/2019,261.1583557
2/5/2019,262.2530823
2/6/2019,261.9073486
2/7/2019,259.4106445
2/8/2019,259.7275391
2/11/2019,259.8715515
2/12/2019,263.2133484
2/13/2019,264.0679932
2/14/2019,263.4822388
2/15/2019,266.3534851
2/19/2019,266.8144226
2/20/2019,267.3521729
2/21/2019,266.4014893
2/22/2019,268.0531921
2/25/2019,268.4180603
2/26/2019,268.2260437
2/27/2019,268.1108093
2/28/2019,267.6114502
3/1/2019,269.2823486
3/4/2019,268.3028564
3/5/2019,267.9379272
3/6/2019,266.3150635
3/7/2019,264.0872192
3/8/2019,263.5590515
3/11/2019,267.3809814
3/12/2019,268.3892517
3/13/2019,270.165802
3/14/2019,269.9929504
3/15/2019,271.3269653
3/18/2019,272.3107605
3/19/2019,272.3782959
3/20/2019,271.5584412
3/21/2019,274.6256104
3/22/2019,269.3400879
3/25/2019,269.1375427
3/26/2019,271.1437073
3/27/2019,269.7258606
3/28/2019,270.7482605
3/29/2019,272.4554443
4/1/2019,275.686554
4/2/2019,275.8215942
4/3/2019,276.2556458
4/4/2019,276.9886475
4/5/2019,278.3293457
4/8/2019,278.5415344
4/9/2019,277.1140442
4/10/2019,278.0592651
4/11/2019,277.9820862
4/12/2019,279.862915
4/15/2019,279.679657
4/16/2019,279.862915
4/17/2019,279.1781006
4/18/2019,279.7278748
4/22/2019,279.9689941
4/23/2019,282.4863892
4/24/2019,281.8594666
4/25/2019,281.6858215
4/26/2019,282.9975586
4/29/2019,283.4412537
4/30/2019,283.585907
5/1/2019,281.4543457
5/2/2019,280.8467102
5/3/2019,283.5955505
5/6/2019,282.4285278
5/7/2019,277.7120361
5/8/2019,277.3262329
5/9/2019,276.4871216
5/10/2019,277.8760071
5/13/2019,270.8929138
5/14/2019,273.342804
5/15/2019,274.9438782
5/16/2019,277.4902039
5/17/2019,275.6961975
5/20/2019,273.873291
5/21/2019,276.3424377
5/22/2019,275.4936523
5/23/2019,272.127533
5/24/2019,272.744812
5/28/2019,270.2081299
5/29/2019,268.3948364
5/30/2019,269.1278687
5/31/2019,265.5013123
6/3/2019,264.8261719
6/4/2019,270.574646
6/5/2019,272.918396
6/6/2019,274.6931152
6/7/2019,277.4419861
6/10/2019,278.7151489
6/11/2019,278.6476135
6/12/2019,278.1557312
6/13/2019,279.3034668
6/14/2019,278.9948425
6/17/2019,279.1009216
6/18/2019,282.023407
6/19/2019,282.6599731
6/20/2019,285.3605957
6/21/2019,284.9454651
6/24/2019,284.5965576
6/25/2019,281.8052673
6/26/2019,281.5242004
6/27/2019,282.5224609
6/28/2019,283.9762573
7/1/2019,286.5543518
7/2/2019,287.3006287
7/3/2019,289.5976257
7/5/2019,289.2680969
7/8/2019,287.6786194
7/9/2019,288.0372314
7/10/2019,289.4134827
7/11/2019,290.0919189
7/12/2019,291.3906555
7/15/2019,291.4875793
7/16/2019,290.4796143
7/17/2019,288.570282
7/18/2019,289.626709
7/19/2019,288.0178528
7/22/2019,288.7253418
7/23/2019,290.7897644
7/24/2019,292.1563416
7/25/2019,290.7606812
7/26/2019,292.7088013
7/29/2019,292.1757202
7/30/2019,291.4584961
7/31/2019,288.2698364
8/1/2019,285.7595825
8/2/2019,283.6079712
8/5/2019,275.07901
8/6/2019,278.9364014
8/7/2019,279.1011963
8/8/2019,284.577179
8/9/2019,282.6387634
8/12/2019,279.1981201
8/13/2019,283.5401001
8/14/2019,275.1565247
8/15/2019,275.8834229
8/16/2019,279.954071
8/19/2019,283.3269043
8/20/2019,281.1558838
8/21/2019,283.4432068
8/22/2019,283.355957
8/23/2019,276.0772705
8/26/2019,279.130249
8/27/2019,278.0350647
8/28/2019,279.9928589
8/29/2019,283.5691833
8/30/2019,283.4432068
9/3/2019,281.7858582
9/4/2019,284.9842529
9/5/2019,288.6478271
9/6/2019,288.8707275
9/9/2019,289.0161438
9/10/2019,288.9482727
9/11/2019,291.0029907
9/12/2019,292.0109558
9/13/2019,291.8171082
9/16/2019,290.9157715
9/17/2019,291.6523743
9/18/2019,291.8268127
9/19/2019,291.8074036
9/20/2019,290.4283142
9/23/2019,290.3601379
9/24/2019,288.0817566
9/25/2019,289.785675
9/26/2019,289.1820068
9/27/2019,287.624115
9/30/2019,288.9580383
10/1/2019,285.5209656
10/2/2019,280.4773254
10/3/2019,282.775238
10/4/2019,286.6017761
10/7/2019,285.3651733
10/8/2019,280.934967
10/9/2019,283.6028442
10/10/2019,285.5209656
10/11/2019,288.480957
10/14/2019,288.159668
10/15/2019,291.0125122
10/16/2019,290.545166
10/17/2019,291.4019775
10/18/2019,290.1264648
10/21/2019,292.0932922
10/22/2019,291.1390991
10/23/2019,291.9862061
10/24/2019,292.4632874
10/25/2019,293.6609192
10/28/2019,295.3161621
10/29/2019,295.2285461
10/30/2019,296.1340637
10/31/2019,295.3453674
11/1/2019,298.0814209
11/4/2019,299.2790222
11/5/2019,298.947998
11/6/2019,299.0161438
11/7/2019,300.0677185
11/8/2019,300.8077087
11/11/2019,300.2332458
11/12/2019,300.8661194
11/13/2019,300.963501
11/14/2019,301.4016418
11/15/2019,303.5827026
11/18/2019,303.8066101
11/19/2019,303.7189941
11/20/2019,302.5895386
11/21/2019,302.1026917
11/22/2019,302.7745361
11/25/2019,305.1210938
11/26/2019,305.8124084
11/27/2019,307.1755676
11/29/2019,306.0363464
12/2/2019,303.4366455
12/3/2019,301.4016418
12/4/2019,303.2613831
12/5/2019,303.8066101
12/6/2019,306.581604
12/9/2019,305.6176758
12/10/2019,305.276886
12/11/2019,306.1434631
12/12/2019,308.782135
12/13/2019,308.9671326
12/16/2019,311.0897522
12/17/2019,311.1578979
12/18/2019,311.1773682
12/19/2019,312.4528809
12/20/2019,313.8227234
12/23/2019,314.3021851
12/24/2019,314.3119507
12/26/2019,315.9851379
12/27/2019,315.9068298
12/30/2019,314.1651611
12/31/2019,314.9283752
1/2/2020,317.8735657
1/3/2020,315.4665527
1/6/2020,316.6700745
1/7/2020,315.7796631
1/8/2020,317.462616
1/9/2020,319.6152344
1/10/2020,318.6954651
1/13/2020,320.8872375
1/14/2020,320.3980103
1/15/2020,321.1220703
1/16/2020,323.7932739
1/17/2020,324.8010864
1/21/2020,324.1650696
1/22/2020,324.2042236
1/23/2020,324.5760498
1/24/2020,321.6895752
1/27/2020,316.5330811
1/28/2020,319.8500671
1/29/2020,319.5858765
1/30/2020,320.6230469
1/31/2020,314.8012085
2/3/2020,317.1397095
2/4/2020,321.9733276
2/5/2020,325.6914673
2/6/2020,326.787384
2/7/2020,325.0457153
2/10/2020,327.47229
2/11/2020,328.0398254
2/12/2020,330.1532898
2/13/2020,329.8010254
2/14/2020,330.3294067
2/18/2020,329.4781494
2/19/2020,331.0534668
2/20/2020,329.6934204
2/21/2020,326.2981567
2/24/2020,315.4763489
2/25/2020,305.9167175
2/26/2020,304.7915039
2/27/2020,291.1028137
2/28/2020,289.8797302
3/2/2020,302.4334106
3/3/2020,293.7739868
3/4/2020,306.1221924
3/5/2020,295.946167
3/6/2020,291.0538635
3/9/2020,268.3241577
3/10/2020,282.2085571
3/11/2020,268.4513245
3/12/2020,242.7666779
3/13/2020,263.5198975
3/16/2020,234.6845703
3/17/2020,247.3556671
3/18/2020,234.8313293
3/19/2020,235.3303375
3/20/2020,225.1885681
3/23/2020,219.4308929
3/24/2020,239.3120575
3/25/2020,242.8945923
3/26/2020,257.0771484
3/27/2020,249.4199524
3/30/2020,257.52005
3/31/2020,253.6816101
4/1/2020,242.2646942
4/2/2020,247.8550568
4/3/2020,244.2725067
4/6/2020,260.6793518
4/7/2020,260.9451294
4/8/2020,269.7046509
4/9/2020,273.8088379
4/13/2020,271.3088989
4/14/2020,279.3105774
4/15/2020,273.3757629
4/16/2020,274.6946106
4/17/2020,282.1156006
4/20/2020,277.1452942
4/21/2020,268.7302856
4/22/2020,274.6946106
4/23/2020,274.6749268
4/24/2020,278.50354
4/27/2020,282.519104
4/28/2020,281.2199707
4/29/2020,288.5818787
4/30/2020,285.894989
5/1/2020,278.3263855
5/4/2020,279.0940552
5/5/2020,281.672699
5/6/2020,279.7633362
5/7/2020,283.1391907
5/8/2020,287.8240662
5/11/2020,287.8831177
5/12/2020,282.1451416
5/13/2020,277.1551514
5/14/2020,280.4719543
5/15/2020,281.7612915
5/18/2020,290.3436279
5/19/2020,287.3614807
5/20/2020,292.2431641
5/21/2020,290.2255554
5/22/2020,290.7767029
5/26/2020,294.3592224
5/27/2020,298.7390137
5/28/2020,298.1878357
5/29/2020,299.5165405
6/1/2020,300.7271118
6/2/2020,303.2171631
6/3/2020,307.2524719
6/4/2020,306.4454041
6/5/2020,314.2994385
6/8/2020,318.0985413
6/9/2020,315.7265625
6/10/2020,313.9648132
6/11/2020,295.8650818
6/12/2020,299.4082642
6/15/2020,302.2034302
6/16/2020,308.0201416
6/17/2020,306.7406921
6/18/2020,306.8587952
6/19/2020,305.1053162
6/22/2020,307.0626221
6/23/2020,308.4762268
6/24/2020,300.6074219
6/25/2020,303.8300781
6/26/2020,296.613678
6/29/2020,300.973175
6/30/2020,304.8284912
7/1/2020,306.9637451
7/2/2020,308.6542053
7/6/2020,313.4189758
7/7/2020,310.1864319
7/8/2020,312.5589294
7/9/2020,310.7795715
7/10/2020,313.9527893
7/13/2020,311.2342834
7/14/2020,315.2675781
7/15/2020,318.164032
7/16/2020,317.1161499
7/17/2020,318.0354919
7/20/2020,320.6057434
7/21/2020,321.2878418
7/22/2020,323.1166077
7/23/2020,319.2612915
7/24/2020,317.2051392
7/27/2020,319.5183105
7/28/2020,317.4918213
7/29/2020,321.3965454
7/30/2020,320.2498474
7/31/2020,322.7805176
8/3/2020,325.0245361
8/4/2020,326.2799988
8/5/2020,328.306488
8/6/2020,330.5010681
8/7/2020,330.7383423
8/10/2020,331.7268982
8/11/2020,328.9885864
8/12/2020,333.57547
8/13/2020,332.9724426
8/14/2020,332.9823303
8/17/2020,334.0401001
8/18/2020,334.7617493
8/19/2020,333.3678894
8/20/2020,334.4058533
8/21/2020,335.5921326
8/24/2020,338.9927368
8/25/2020,340.1789551
8/26/2020,343.5894775
8/27/2020,344.3407288
8/28/2020,346.5649719
8/31/2020,345.3095398
9/1/2020,348.5618591
9/2/2020,353.6034546
9/3/2020,341.4344482
9/4/2020,338.6467285
9/8/2020,329.3938904
9/9/2020,335.8985596
9/10/2020,330.0661316
9/11/2020,330.2341919
9/14/2020,334.5837708
9/15/2020,336.274231
9/16/2020,334.9396667
9/17/2020,331.9938049
9/18/2020,328.171875
9/21/2020,324.5194702
9/22/2020,327.8244934
9/23/2020,320.2219238
9/24/2020,321.07547
9/25/2020,326.2662964
9/28/2020,331.6853638
9/29/2020,329.8789978
9/30/2020,332.380127
10/1/2020,334.5140076
10/2/2020,331.3379822
10/5/2020,337.213623
10/6/2020,332.4197998
10/7/2020,338.2061157
10/8/2020,341.2034607
10/9/2020,344.2504883
10/12/2020,349.7886353
10/13/2020,347.5058899
10/14/2020,345.3223572
10/15/2020,344.8955994
10/16/2020,344.6871643
10/19/2020,339.4467468
10/20/2020,340.806488
10/21/2020,340.1613464
10/22/2020,342.0272522
10/23/2020,343.1884766
10/26/2020,336.846405
10/27/2020,335.6851501
10/28/2020,324.211792
10/29/2020,327.5069275
10/30/2020,324.0926819
11/2/2020,327.7252808
11/3/2020,333.5115662
11/4/2020,340.965271
11/5/2020,347.6150513
11/6/2020,347.535675
11/9/2020,351.9026794
11/10/2020,351.3865967
11/11/2020,353.9968872
11/12/2020,350.5628052
11/13/2020,355.4161682
11/16/2020,359.8526611
11/17/2020,357.9172668
11/18/2020,353.6098022
11/19/2020,355.0985413
11/20/2020,352.6669006
11/23/2020,354.7809448
11/24/2020,360.4977722
11/25/2020,359.9419861
11/27/2020,360.9444275
11/30/2020,359.3464661
12/1/2020,363.2767944
12/2/2020,364.0410461
12/3/2020,363.9417725
12/4/2020,367.0780945
12/7/2020,366.3237915
12/8/2020,367.3956909
12/9/2020,364.1005859
12/10/2020,363.9814758
12/11/2020,363.5546875
12/14/2020,361.927002
12/15/2020,366.8200378
12/16/2020,367.3956909
12/17/2020,369.4501648
12/18/2020,367.9749756
12/21/2020,366.6593018
12/22/2020,366.0413208
12/23/2020,366.3702698
12/24/2020,367.7955933
12/28/2020,370.9552612
12/29/2020,370.2475281
12/30/2020,370.7758179
12/31/2020,372.659668
1/4/2021,367.5862732
1/5/2021,370.1179504
1/6/2021,372.330719
1/7/2021,377.8626099
1/8/2021,380.015564
1/11/2021,377.453949
1/12/2021,377.5336914
1/13/2021,378.5503845
1/14/2021,377.2247009
1/15/2021,374.4737244
1/19/2021,377.4140625
1/20/2021,382.6369934
1/21/2021,382.9858398
1/22/2021,381.6302795
1/25/2021,383.135376
1/26/2021,382.537323
1/27/2021,373.1879272
1/28/2021,376.3974304
1/29/2021,368.8620911
2/1/2021,375.0019836
2/2/2021,380.3045959
2/3/2021,380.6036377
2/4/2021,384.9294739
2/5/2021,386.4444885
2/8/2021,389.2353821
2/9/2021,388.9762268
2/10/2021,388.8067627
2/11/2021,389.4347229
2/12/2021,391.358429
2/16/2021,391.0195313
2/17/2021,391.1092529
2/18/2021,389.4447021
2/19/2021,388.7569275
2/22/2021,385.7667236
2/23/2021,386.235199
2/24/2021,390.4912415
2/25/2021,381.0820618
2/26/2021,379.1184998
3/1/2021,388.3083801
3/2/2021,385.2783508
3/3/2021,380.1750488
3/4/2021,375.470459
3/5/2021,382.3778381
3/8/2021,380.4740601
3/9/2021,385.9062805
3/10/2021,388.3083801
3/11/2021,392.2455139
3/12/2021,392.7737732
3/15/2021,395.1161194
3/16/2021,394.6177368
3/17/2021,395.9633484
3/18/2021,390.2022095
3/19/2021,389.480011
3/22/2021,392.5899963
3/23/2021,389.5
3/24/2021,387.519989
3/25/2021,389.7000122
3/26/2021,395.980011
3/29/2021,395.7799988
3/30/2021,394.730011
3/31/2021,396.3299866
4/1/2021,400.6099854
4/5/2021,406.3599854
4/6/2021,406.1199951
4/7/2021,406.5899963
4/8/2021,408.519989
4/9/2021,411.4899902
4/12/2021,411.6400146
